{
    "sequencers": [
        {
            "bands": false,
            "brightness": 1.0,
            "color_blend": 0.25,
            "color_fade": 0.13300000131130219,
            "color_offset_modifier": 0.43700000643730164,
            "color_threshold": 0.0,
            "cos_position_amount": 1.0,
            "envelope": 0.5049999952316284,
            "intensity_modifier": 364.6830139160156,
            "kernel_side": 28,
            "kernel_sigma": 27.503000259399414,
            "method": "pressure_normalized",
            "noise_amount": 0.5879999995231628,
            "octaves": 5,
            "palette_modifier": 0.5419999957084656,
            "persistence": 0.9620000123977661,
            "position_centered": false,
            "position_modifier": 4.997000217437744,
            "static_palette": false,
            "time_delta": 0.004999999888241291,
            "trigger_threshold": 77.11499786376953,
            "type": "energy",
            "y_axis_amount": 0.08299999684095383
        },
        {
            "bands": false,
            "brightness": 1.0,
            "color_blend": 0.25,
            "color_fade": 0.13300000131130219,
            "color_offset_modifier": 0.43700000643730164,
            "color_threshold": 0.0,
            "cos_position_amount": 1.0,
            "envelope": 0.5049999952316284,
            "intensity_modifier": 364.0,
            "kernel_side": 28,
            "kernel_sigma": 27.0,
            "method": "pressure_normalized",
            "noise_amount": 0.5879999995231628,
            "octaves": 5,
            "palette_modifier": 0.5419999957084656,
            "persistence": 0.9620000123977661,
            "position_centered": false,
            "position_modifier": 4.997000217437744,
            "static_palette": false,
            "time_delta": 0.0,
            "trigger_threshold": 77.0,
            "type": "energy",
            "y_axis_amount": 0.08299999684095383
        },
        {
            "bands": false,
            "brightness": 1.0,
            "color_blend": 0.25,
            "color_fade": 0.13300000131130219,
            "color_offset_modifier": 0.43700000643730164,
            "color_threshold": 0.0,
            "cos_position_amount": 1.0,
            "envelope": 0.5049999952316284,
            "intensity_modifier": 364.0,
            "kernel_side": 28,
            "kernel_sigma": 27.0,
            "method": "pressure_normalized",
            "noise_amount": 0.5879999995231628,
            "octaves": 5,
            "palette_modifier": 0.5419999957084656,
            "persistence": 0.9620000123977661,
            "position_centered": false,
            "position_modifier": 4.997000217437744,
            "static_palette": false,
            "time_delta": 0.0,
            "trigger_threshold": 77.0,
            "type": "energy",
            "y_axis_amount": 0.08299999684095383
        },
        {
            "bands": false,
            "brightness": 1.0,
            "color_blend": 0.25,
            "color_fade": 0.13300000131130219,
            "color_offset_modifier": 0.43700000643730164,
            "color_threshold": 0.0,
            "cos_position_amount": 1.0,
            "envelope": 0.5049999952316284,
            "intensity_modifier": 364.0,
            "kernel_side": 28,
            "kernel_sigma": 27.0,
            "method": "pressure_normalized",
            "noise_amount": 0.5879999995231628,
            "octaves": 5,
            "palette_modifier": 0.5419999957084656,
            "persistence": 0.9620000123977661,
            "position_centered": false,
            "position_modifier": 4.997000217437744,
            "static_palette": false,
            "time_delta": 0.0,
            "trigger_threshold": 77.0,
            "type": "energy",
            "y_axis_amount": 0.08299999684095383
        },
        {
            "bands": false,
            "brightness": 1.0,
            "color_blend": 0.25,
            "color_fade": 0.13300000131130219,
            "color_offset_modifier": 0.43700000643730164,
            "color_threshold": 0.0,
            "cos_position_amount": 1.0,
            "envelope": 0.5049999952316284,
            "intensity_modifier": 364.0,
            "kernel_side": 28,
            "kernel_sigma": 27.0,
            "method": "pressure_normalized",
            "noise_amount": 0.5879999995231628,
            "octaves": 5,
            "palette_modifier": 0.5419999957084656,
            "persistence": 0.9620000123977661,
            "position_centered": false,
            "position_modifier": 4.997000217437744,
            "static_palette": false,
            "time_delta": 0.0,
            "trigger_threshold": 77.0,
            "type": "energy",
            "y_axis_amount": 0.08299999684095383
        },
        {
            "bands": false,
            "brightness": 1.0,
            "color_blend": 0.25,
            "color_fade": 0.13300000131130219,
            "color_offset_modifier": 0.43700000643730164,
            "color_threshold": 0.0,
            "cos_position_amount": 1.0,
            "envelope": 0.5049999952316284,
            "intensity_modifier": 364.0,
            "kernel_side": 28,
            "kernel_sigma": 27.0,
            "method": "pressure_normalized",
            "noise_amount": 0.5879999995231628,
            "octaves": 5,
            "palette_modifier": 0.5419999957084656,
            "persistence": 0.9620000123977661,
            "position_centered": false,
            "position_modifier": 4.997000217437744,
            "static_palette": false,
            "time_delta": 0.0,
            "trigger_threshold": 77.0,
            "type": "energy",
            "y_axis_amount": 0.08299999684095383
        }
    ]
}