{
    "modules": {
        "filter": {
            "active": false,
            "frequency_center": 200.0,
            "gain": 0.0,
            "q_intensity": 0.30000001192092896,
            "type": "low_pass"
        },
        "filter_bank": {
            "filters": 100,
            "high_freq": 10000.0,
            "low_freq": 40.0,
            "power": 1.2999999523162842
        },
        "onset": {
            "method": "default",
            "min_interval": 59.0,
            "silence": -28.0,
            "threshold": 0.13500000536441803
        },
        "pitch": {
            "method": "default"
        },
        "tempo": {
            "beat_threshold": -15.0,
            "silence": -15.0,
            "skewness_threshold": 2.0,
            "threshold": 0.30000001192092896
        }
    },
    "sequencers": [
        {
            "brightness": 0.9856815338134766,
            "color_increase": 0.1120000034570694,
            "fade_blend": 0.03099999949336052,
            "length": 15,
            "randomize": false,
            "type": "blocks"
        },
        {
            "brightness": 0.9856815338134766,
            "color_increase": 0.1120000034570694,
            "fade_blend": 0.03099999949336052,
            "length": 15,
            "randomize": false,
            "type": "blocks"
        },
        {
            "brightness": 0.9856815338134766,
            "color_increase": 0.1120000034570694,
            "fade_blend": 0.03099999949336052,
            "length": 15,
            "randomize": false,
            "type": "blocks"
        },
        {
            "brightness": 0.9856815338134766,
            "color_increase": 0.1120000034570694,
            "fade_blend": 0.03099999949336052,
            "length": 15,
            "randomize": false,
            "type": "blocks"
        }
    ]
}