{
    "sequencers": [
        {
            "bands": false,
            "brightness": 1.0,
            "color_blend": 0.08299999684095383,
            "color_fade": 0.6169999837875366,
            "color_offset_modifier": 0.3700000047683716,
            "color_threshold": 0.04899999871850014,
            "cos_position_amount": 1.0,
            "envelope": 0.5680000185966492,
            "intensity_modifier": 52.0,
            "kernel_side": 12,
            "kernel_sigma": 20.0,
            "method": "pressure_normalized",
            "noise_amount": 1.0,
            "octaves": 1,
            "palette_modifier": 9.432000160217285,
            "persistence": 7.388000011444092,
            "position_centered": false,
            "position_modifier": 14.54699993133545,
            "static_palette": true,
            "time_delta": 0.0,
            "trigger_threshold": 97.0,
            "type": "energy",
            "y_axis_amount": 0.05400000140070915
        },
        {
            "bands": false,
            "brightness": 1.0,
            "color_blend": 0.08299999684095383,
            "color_fade": 0.6169999837875366,
            "color_offset_modifier": 0.3700000047683716,
            "color_threshold": 0.04899999871850014,
            "cos_position_amount": 1.0,
            "envelope": 0.5680000185966492,
            "intensity_modifier": 52.0,
            "kernel_side": 12,
            "kernel_sigma": 20.0,
            "method": "pressure_normalized",
            "noise_amount": 1.0,
            "octaves": 1,
            "palette_modifier": 9.432000160217285,
            "persistence": 7.388000011444092,
            "position_centered": false,
            "position_modifier": 14.54699993133545,
            "static_palette": true,
            "time_delta": 0.0,
            "trigger_threshold": 97.0,
            "type": "energy",
            "y_axis_amount": 0.05400000140070915
        },
        {
            "bands": false,
            "brightness": 1.0,
            "color_blend": 0.08299999684095383,
            "color_fade": 0.6169999837875366,
            "color_offset_modifier": 0.3700000047683716,
            "color_threshold": 0.04899999871850014,
            "cos_position_amount": 1.0,
            "envelope": 0.5680000185966492,
            "intensity_modifier": 52.0,
            "kernel_side": 12,
            "kernel_sigma": 20.0,
            "method": "pressure_normalized",
            "noise_amount": 1.0,
            "octaves": 1,
            "palette_modifier": 9.432000160217285,
            "persistence": 7.388000011444092,
            "position_centered": false,
            "position_modifier": 14.54699993133545,
            "static_palette": true,
            "time_delta": 0.0,
            "trigger_threshold": 97.0,
            "type": "energy",
            "y_axis_amount": 0.05400000140070915
        },
        {
            "bands": false,
            "brightness": 1.0,
            "color_blend": 0.08299999684095383,
            "color_fade": 0.6169999837875366,
            "color_offset_modifier": 0.3700000047683716,
            "color_threshold": 0.04899999871850014,
            "cos_position_amount": 1.0,
            "envelope": 0.5680000185966492,
            "intensity_modifier": 52.0,
            "kernel_side": 12,
            "kernel_sigma": 20.0,
            "method": "pressure_normalized",
            "noise_amount": 1.0,
            "octaves": 1,
            "palette_modifier": 9.432000160217285,
            "persistence": 7.388000011444092,
            "position_centered": false,
            "position_modifier": 14.54699993133545,
            "static_palette": true,
            "time_delta": 0.0,
            "trigger_threshold": 97.0,
            "type": "energy",
            "y_axis_amount": 0.05400000140070915
        },
        {
            "bands": false,
            "brightness": 1.0,
            "color_blend": 0.08299999684095383,
            "color_fade": 0.6169999837875366,
            "color_offset_modifier": 0.3700000047683716,
            "color_threshold": 0.04899999871850014,
            "cos_position_amount": 1.0,
            "envelope": 0.5680000185966492,
            "intensity_modifier": 52.0,
            "kernel_side": 12,
            "kernel_sigma": 20.0,
            "method": "pressure_normalized",
            "noise_amount": 1.0,
            "octaves": 1,
            "palette_modifier": 9.432000160217285,
            "persistence": 7.388000011444092,
            "position_centered": false,
            "position_modifier": 14.54699993133545,
            "static_palette": true,
            "time_delta": 0.0,
            "trigger_threshold": 97.0,
            "type": "energy",
            "y_axis_amount": 0.05400000140070915
        },
        {
            "bands": false,
            "brightness": 1.0,
            "color_blend": 0.08299999684095383,
            "color_fade": 0.6169999837875366,
            "color_offset_modifier": 0.3700000047683716,
            "color_threshold": 0.04899999871850014,
            "cos_position_amount": 1.0,
            "envelope": 0.5680000185966492,
            "intensity_modifier": 52.0,
            "kernel_side": 12,
            "kernel_sigma": 20.0,
            "method": "pressure_normalized",
            "noise_amount": 1.0,
            "octaves": 1,
            "palette_modifier": 9.432000160217285,
            "persistence": 7.388000011444092,
            "position_centered": false,
            "position_modifier": 14.54699993133545,
            "static_palette": true,
            "time_delta": 0.0,
            "trigger_threshold": 97.0,
            "type": "energy",
            "y_axis_amount": 0.05400000140070915
        }
    ]
}