{
    "sequencers": [
        {
            "bands": false,
            "brightness": 1.0,
            "color_blend": 0.4009999930858612,
            "color_fade": 0.2709999978542328,
            "color_threshold": 0.0,
            "envelope": 0.5960000157356262,
            "intensity_modifier": 94.0,
            "kernel_side": 28,
            "kernel_sigma": 20.0,
            "method": "energy",
            "noise_amount": 0.9350000023841858,
            "octaves": 4,
            "palette_modifier": 0.6320000290870667,
            "persistence": 1.4930000305175781,
            "static_palette": false,
            "time_delta": 0.0,
            "trigger_threshold": 7.0,
            "type": "energy",
            "y_axis_amount": 0.31299999356269836
        },
        {
            "bands": false,
            "brightness": 1.0,
            "color_blend": 0.4009999930858612,
            "color_fade": 0.2709999978542328,
            "color_threshold": 0.0,
            "envelope": 0.5960000157356262,
            "intensity_modifier": 94.0,
            "kernel_side": 28,
            "kernel_sigma": 20.0,
            "method": "energy",
            "noise_amount": 0.9350000023841858,
            "octaves": 4,
            "palette_modifier": 0.6320000290870667,
            "persistence": 1.4930000305175781,
            "static_palette": false,
            "time_delta": 0.0,
            "trigger_threshold": 7.0,
            "type": "energy",
            "y_axis_amount": 0.31299999356269836
        },
        {
            "bands": false,
            "brightness": 1.0,
            "color_blend": 0.4009999930858612,
            "color_fade": 0.2709999978542328,
            "color_threshold": 0.0,
            "envelope": 0.5960000157356262,
            "intensity_modifier": 94.0,
            "kernel_side": 28,
            "kernel_sigma": 20.0,
            "method": "energy",
            "noise_amount": 0.9350000023841858,
            "octaves": 4,
            "palette_modifier": 0.6320000290870667,
            "persistence": 1.4930000305175781,
            "static_palette": false,
            "time_delta": 0.0,
            "trigger_threshold": 7.0,
            "type": "energy",
            "y_axis_amount": 0.31299999356269836
        },
        {
            "bands": false,
            "brightness": 1.0,
            "color_blend": 0.4009999930858612,
            "color_fade": 0.2709999978542328,
            "color_threshold": 0.0,
            "envelope": 0.5960000157356262,
            "intensity_modifier": 94.0,
            "kernel_side": 28,
            "kernel_sigma": 20.0,
            "method": "energy",
            "noise_amount": 0.9350000023841858,
            "octaves": 4,
            "palette_modifier": 0.6320000290870667,
            "persistence": 1.4930000305175781,
            "static_palette": false,
            "time_delta": 0.0,
            "trigger_threshold": 7.0,
            "type": "energy",
            "y_axis_amount": 0.31299999356269836
        },
        {
            "bands": false,
            "brightness": 1.0,
            "color_blend": 0.4009999930858612,
            "color_fade": 0.2709999978542328,
            "color_threshold": 0.0,
            "envelope": 0.5960000157356262,
            "intensity_modifier": 94.0,
            "kernel_side": 28,
            "kernel_sigma": 20.0,
            "method": "energy",
            "noise_amount": 0.9350000023841858,
            "octaves": 4,
            "palette_modifier": 0.6320000290870667,
            "persistence": 1.4930000305175781,
            "static_palette": false,
            "time_delta": 0.0,
            "trigger_threshold": 7.0,
            "type": "energy",
            "y_axis_amount": 0.31299999356269836
        },
        {
            "bands": false,
            "brightness": 1.0,
            "color_blend": 0.4009999930858612,
            "color_fade": 0.2709999978542328,
            "color_threshold": 0.0,
            "envelope": 0.5960000157356262,
            "intensity_modifier": 94.0,
            "kernel_side": 28,
            "kernel_sigma": 20.0,
            "method": "energy",
            "noise_amount": 0.9350000023841858,
            "octaves": 4,
            "palette_modifier": 0.6320000290870667,
            "persistence": 1.4930000305175781,
            "static_palette": false,
            "time_delta": 0.0,
            "trigger_threshold": 7.0,
            "type": "energy",
            "y_axis_amount": 0.31299999356269836
        }
    ]
}