{
    "modules": {
        "band_peak": {
            "bass_threshold": 180.0,
            "mid_threshold": 300.0,
            "timeout": 300,
            "treble_threshold": 200.0
        },
        "filter": {
            "active": false,
            "frequency_center": 200.0,
            "gain": 0.0,
            "q_intensity": 0.30000001192092896,
            "type": "low_pass"
        },
        "filter_bank": {
            "filters": 100,
            "high_freq": 10000.0,
            "low_freq": 40.0,
            "power": 1.2999999523162842
        },
        "onset": {
            "method": "default",
            "min_interval": 160.0,
            "silence": -20.0,
            "threshold": 0.30000001192092896
        },
        "pitch": {
            "method": "default"
        },
        "tempo": {
            "beat_threshold": -15.0,
            "silence": -15.0,
            "skewness_threshold": 2.0,
            "threshold": 0.30000001192092896
        }
    },
    "sequencers": [
        {
            "bands": true,
            "brightness": 1.0,
            "color_blend": 0.6639999747276306,
            "color_fade": 0.07599999755620956,
            "color_threshold": 0.03200000151991844,
            "envelope": 0.8999999761581421,
            "intensity_modifier": 49.0,
            "kernel_side": 7,
            "kernel_sigma": 17.0,
            "method": "energy",
            "palette_modifier": 8.154000282287598,
            "static_palette": true,
            "type": "energy"
        },
        {
            "bands": true,
            "brightness": 1.0,
            "color_blend": 0.6639999747276306,
            "color_fade": 0.07599999755620956,
            "color_threshold": 0.03200000151991844,
            "envelope": 0.8999999761581421,
            "intensity_modifier": 49.0,
            "kernel_side": 7,
            "kernel_sigma": 17.0,
            "method": "energy",
            "palette_modifier": 8.154000282287598,
            "static_palette": true,
            "type": "energy"
        },
        {
            "bands": true,
            "brightness": 1.0,
            "color_blend": 0.6639999747276306,
            "color_fade": 0.07599999755620956,
            "color_threshold": 0.03200000151991844,
            "envelope": 0.8999999761581421,
            "intensity_modifier": 49.0,
            "kernel_side": 7,
            "kernel_sigma": 17.0,
            "method": "energy",
            "palette_modifier": 8.154000282287598,
            "static_palette": true,
            "type": "energy"
        },
        {
            "bands": true,
            "brightness": 1.0,
            "color_blend": 0.6639999747276306,
            "color_fade": 0.07599999755620956,
            "color_threshold": 0.03200000151991844,
            "envelope": 0.8999999761581421,
            "intensity_modifier": 49.0,
            "kernel_side": 7,
            "kernel_sigma": 17.0,
            "method": "energy",
            "palette_modifier": 8.154000282287598,
            "static_palette": true,
            "type": "energy"
        }
    ]
}