{
    "sequencers": [
        {
            "bands": false,
            "brightness": 1.0,
            "color_blend": 0.08299999684095383,
            "color_fade": 0.15299999713897705,
            "color_offset_modifier": 0.26499998569488525,
            "color_threshold": 0.026000000536441803,
            "envelope": 0.6299999952316284,
            "intensity_modifier": 28.0,
            "kernel_side": 6,
            "kernel_sigma": 4.0,
            "method": "pressure_normalized",
            "noise_amount": 0.9980000257492065,
            "octaves": 5,
            "palette_modifier": 10.97700023651123,
            "persistence": 2.322999954223633,
            "position_centered": false,
            "position_modifier": 2.984999895095825,
            "static_palette": true,
            "time_delta": 0.0,
            "trigger_threshold": 96.0,
            "type": "energy",
            "y_axis_amount": 0.23600000143051147
        },
        {
            "bands": false,
            "brightness": 1.0,
            "color_blend": 0.08299999684095383,
            "color_fade": 0.15299999713897705,
            "color_offset_modifier": 0.26499998569488525,
            "color_threshold": 0.026000000536441803,
            "envelope": 0.6299999952316284,
            "intensity_modifier": 28.0,
            "kernel_side": 6,
            "kernel_sigma": 4.0,
            "method": "pressure_normalized",
            "noise_amount": 0.9980000257492065,
            "octaves": 5,
            "palette_modifier": 10.97700023651123,
            "persistence": 2.322999954223633,
            "position_centered": false,
            "position_modifier": 2.984999895095825,
            "static_palette": true,
            "time_delta": 0.0,
            "trigger_threshold": 96.0,
            "type": "energy",
            "y_axis_amount": 0.23600000143051147
        },
        {
            "bands": false,
            "brightness": 1.0,
            "color_blend": 0.08299999684095383,
            "color_fade": 0.15299999713897705,
            "color_offset_modifier": 0.26499998569488525,
            "color_threshold": 0.026000000536441803,
            "envelope": 0.6299999952316284,
            "intensity_modifier": 28.0,
            "kernel_side": 6,
            "kernel_sigma": 4.0,
            "method": "pressure_normalized",
            "noise_amount": 0.9980000257492065,
            "octaves": 5,
            "palette_modifier": 10.97700023651123,
            "persistence": 2.322999954223633,
            "position_centered": false,
            "position_modifier": 2.984999895095825,
            "static_palette": true,
            "time_delta": 0.0,
            "trigger_threshold": 96.0,
            "type": "energy",
            "y_axis_amount": 0.23600000143051147
        },
        {
            "bands": false,
            "brightness": 1.0,
            "color_blend": 0.08299999684095383,
            "color_fade": 0.15299999713897705,
            "color_offset_modifier": 0.26499998569488525,
            "color_threshold": 0.026000000536441803,
            "envelope": 0.6299999952316284,
            "intensity_modifier": 28.0,
            "kernel_side": 6,
            "kernel_sigma": 4.0,
            "method": "pressure_normalized",
            "noise_amount": 0.9980000257492065,
            "octaves": 5,
            "palette_modifier": 10.97700023651123,
            "persistence": 2.322999954223633,
            "position_centered": false,
            "position_modifier": 2.984999895095825,
            "static_palette": true,
            "time_delta": 0.0,
            "trigger_threshold": 96.0,
            "type": "energy",
            "y_axis_amount": 0.23600000143051147
        },
        {
            "bands": false,
            "brightness": 1.0,
            "color_blend": 0.08299999684095383,
            "color_fade": 0.15299999713897705,
            "color_offset_modifier": 0.26499998569488525,
            "color_threshold": 0.026000000536441803,
            "envelope": 0.6299999952316284,
            "intensity_modifier": 28.0,
            "kernel_side": 6,
            "kernel_sigma": 4.0,
            "method": "pressure_normalized",
            "noise_amount": 0.9980000257492065,
            "octaves": 5,
            "palette_modifier": 10.97700023651123,
            "persistence": 2.322999954223633,
            "position_centered": false,
            "position_modifier": 2.984999895095825,
            "static_palette": true,
            "time_delta": 0.0,
            "trigger_threshold": 96.0,
            "type": "energy",
            "y_axis_amount": 0.23600000143051147
        },
        {
            "bands": false,
            "brightness": 1.0,
            "color_blend": 0.08299999684095383,
            "color_fade": 0.15299999713897705,
            "color_offset_modifier": 0.26499998569488525,
            "color_threshold": 0.026000000536441803,
            "envelope": 0.6299999952316284,
            "intensity_modifier": 28.0,
            "kernel_side": 6,
            "kernel_sigma": 4.0,
            "method": "pressure_normalized",
            "noise_amount": 0.9980000257492065,
            "octaves": 5,
            "palette_modifier": 10.97700023651123,
            "persistence": 2.322999954223633,
            "position_centered": false,
            "position_modifier": 2.984999895095825,
            "static_palette": true,
            "time_delta": 0.0,
            "trigger_threshold": 96.0,
            "type": "energy",
            "y_axis_amount": 0.23600000143051147
        }
    ]
}