{
    "sequencers": [
        {
            "bands": false,
            "brightness": 1.0,
            "color_blend": 0.13500000536441803,
            "color_fade": 0.257999986410141,
            "color_offset_modifier": 0.17000000178813934,
            "color_threshold": 0.03099999949336052,
            "envelope": 0.6299999952316284,
            "intensity_modifier": 68.36799621582031,
            "kernel_side": 28,
            "kernel_sigma": 20.0,
            "method": "pressure_normalized",
            "noise_amount": 1.0,
            "octaves": 6,
            "palette_modifier": 13.288000106811523,
            "persistence": 1.2940000295639038,
            "position_centered": false,
            "position_modifier": 2.430999994277954,
            "static_palette": false,
            "time_delta": 0.02199999988079071,
            "trigger_threshold": 97.97799682617188,
            "type": "energy",
            "y_axis_amount": 0.1469999998807907
        },
        {
            "bands": false,
            "brightness": 1.0,
            "color_blend": 0.13500000536441803,
            "color_fade": 0.257999986410141,
            "color_offset_modifier": 0.17000000178813934,
            "color_threshold": 0.03099999949336052,
            "envelope": 0.6299999952316284,
            "intensity_modifier": 68.0,
            "kernel_side": 28,
            "kernel_sigma": 20.0,
            "method": "pressure_normalized",
            "noise_amount": 1.0,
            "octaves": 6,
            "palette_modifier": 13.288000106811523,
            "persistence": 1.2940000295639038,
            "position_centered": false,
            "position_modifier": 2.430999994277954,
            "static_palette": false,
            "time_delta": 0.0,
            "trigger_threshold": 97.0,
            "type": "energy",
            "y_axis_amount": 0.1469999998807907
        },
        {
            "bands": false,
            "brightness": 1.0,
            "color_blend": 0.13500000536441803,
            "color_fade": 0.257999986410141,
            "color_offset_modifier": 0.17000000178813934,
            "color_threshold": 0.03099999949336052,
            "envelope": 0.6299999952316284,
            "intensity_modifier": 68.0,
            "kernel_side": 28,
            "kernel_sigma": 20.0,
            "method": "pressure_normalized",
            "noise_amount": 1.0,
            "octaves": 6,
            "palette_modifier": 13.288000106811523,
            "persistence": 1.2940000295639038,
            "position_centered": false,
            "position_modifier": 2.430999994277954,
            "static_palette": false,
            "time_delta": 0.0,
            "trigger_threshold": 97.0,
            "type": "energy",
            "y_axis_amount": 0.1469999998807907
        },
        {
            "bands": false,
            "brightness": 1.0,
            "color_blend": 0.13500000536441803,
            "color_fade": 0.257999986410141,
            "color_offset_modifier": 0.17000000178813934,
            "color_threshold": 0.03099999949336052,
            "envelope": 0.6299999952316284,
            "intensity_modifier": 68.0,
            "kernel_side": 28,
            "kernel_sigma": 20.0,
            "method": "pressure_normalized",
            "noise_amount": 1.0,
            "octaves": 6,
            "palette_modifier": 13.288000106811523,
            "persistence": 1.2940000295639038,
            "position_centered": false,
            "position_modifier": 2.430999994277954,
            "static_palette": false,
            "time_delta": 0.0,
            "trigger_threshold": 97.0,
            "type": "energy",
            "y_axis_amount": 0.1469999998807907
        },
        {
            "bands": false,
            "brightness": 1.0,
            "color_blend": 0.13500000536441803,
            "color_fade": 0.257999986410141,
            "color_offset_modifier": 0.17000000178813934,
            "color_threshold": 0.03099999949336052,
            "envelope": 0.6299999952316284,
            "intensity_modifier": 68.0,
            "kernel_side": 28,
            "kernel_sigma": 20.0,
            "method": "pressure_normalized",
            "noise_amount": 1.0,
            "octaves": 6,
            "palette_modifier": 13.288000106811523,
            "persistence": 1.2940000295639038,
            "position_centered": false,
            "position_modifier": 2.430999994277954,
            "static_palette": false,
            "time_delta": 0.0,
            "trigger_threshold": 97.0,
            "type": "energy",
            "y_axis_amount": 0.1469999998807907
        },
        {
            "bands": false,
            "brightness": 1.0,
            "color_blend": 0.13500000536441803,
            "color_fade": 0.257999986410141,
            "color_offset_modifier": 0.17000000178813934,
            "color_threshold": 0.03099999949336052,
            "envelope": 0.6299999952316284,
            "intensity_modifier": 68.0,
            "kernel_side": 28,
            "kernel_sigma": 20.0,
            "method": "pressure_normalized",
            "noise_amount": 1.0,
            "octaves": 6,
            "palette_modifier": 13.288000106811523,
            "persistence": 1.2940000295639038,
            "position_centered": false,
            "position_modifier": 2.430999994277954,
            "static_palette": false,
            "time_delta": 0.0,
            "trigger_threshold": 97.0,
            "type": "energy",
            "y_axis_amount": 0.1469999998807907
        }
    ]
}