{
    "sequencers": [
        {
            "bands": true,
            "brightness": 1.0,
            "color_blend": 0.03099999949336052,
            "color_fade": 0.0729999989271164,
            "color_offset_modifier": 0.09399999678134918,
            "color_threshold": 0.0,
            "cos_position_amount": 0.9710000157356262,
            "envelope": 0.04699999839067459,
            "intensity_modifier": 84.0,
            "kernel_side": 26,
            "kernel_sigma": 27.0,
            "method": "hihat_normalized",
            "noise_amount": 0.0,
            "octaves": 0,
            "palette_modifier": 0.7120000123977661,
            "persistence": 10.0,
            "position_centered": false,
            "position_modifier": 8.029000282287598,
            "static_palette": true,
            "time_delta": 0.0,
            "trigger_threshold": 0.0,
            "type": "energy",
            "y_axis_amount": 0.0
        },
        {
            "bands": false,
            "brightness": 1.0,
            "color_blend": 0.46399998664855957,
            "color_fade": 0.3149999976158142,
            "color_offset_modifier": 0.43700000643730164,
            "color_threshold": 0.0,
            "cos_position_amount": 1.0,
            "envelope": 0.6299999952316284,
            "intensity_modifier": 113.0,
            "kernel_side": 28,
            "kernel_sigma": 16.0,
            "method": "pressure_normalized",
            "noise_amount": 1.0,
            "octaves": 4,
            "palette_modifier": 15.0,
            "persistence": 2.8559999465942383,
            "position_centered": false,
            "position_modifier": 16.950000762939453,
            "static_palette": true,
            "time_delta": 0.0,
            "trigger_threshold": 0.0,
            "type": "energy",
            "y_axis_amount": 0.08299999684095383
        },
        {
            "bands": false,
            "brightness": 1.0,
            "color_blend": 0.46399998664855957,
            "color_fade": 0.3149999976158142,
            "color_offset_modifier": 0.43700000643730164,
            "color_threshold": 0.0,
            "cos_position_amount": 1.0,
            "envelope": 0.6299999952316284,
            "intensity_modifier": 113.0,
            "kernel_side": 28,
            "kernel_sigma": 16.0,
            "method": "pressure_normalized",
            "noise_amount": 1.0,
            "octaves": 4,
            "palette_modifier": 15.0,
            "persistence": 2.8559999465942383,
            "position_centered": false,
            "position_modifier": 16.950000762939453,
            "static_palette": true,
            "time_delta": 0.0,
            "trigger_threshold": 0.0,
            "type": "energy",
            "y_axis_amount": 0.08299999684095383
        },
        {
            "bands": false,
            "brightness": 1.0,
            "color_blend": 0.46399998664855957,
            "color_fade": 0.3149999976158142,
            "color_offset_modifier": 0.43700000643730164,
            "color_threshold": 0.0,
            "cos_position_amount": 1.0,
            "envelope": 0.6299999952316284,
            "intensity_modifier": 113.0,
            "kernel_side": 28,
            "kernel_sigma": 16.0,
            "method": "pressure_normalized",
            "noise_amount": 1.0,
            "octaves": 4,
            "palette_modifier": 15.0,
            "persistence": 2.8559999465942383,
            "position_centered": false,
            "position_modifier": 16.950000762939453,
            "static_palette": true,
            "time_delta": 0.0,
            "trigger_threshold": 0.0,
            "type": "energy",
            "y_axis_amount": 0.08299999684095383
        },
        {
            "bands": false,
            "brightness": 1.0,
            "color_blend": 0.46399998664855957,
            "color_fade": 0.3149999976158142,
            "color_offset_modifier": 0.43700000643730164,
            "color_threshold": 0.0,
            "cos_position_amount": 1.0,
            "envelope": 0.6299999952316284,
            "intensity_modifier": 113.0,
            "kernel_side": 28,
            "kernel_sigma": 16.0,
            "method": "pressure_normalized",
            "noise_amount": 1.0,
            "octaves": 4,
            "palette_modifier": 15.0,
            "persistence": 2.8559999465942383,
            "position_centered": false,
            "position_modifier": 16.950000762939453,
            "static_palette": true,
            "time_delta": 0.0,
            "trigger_threshold": 0.0,
            "type": "energy",
            "y_axis_amount": 0.08299999684095383
        },
        {
            "bands": false,
            "brightness": 1.0,
            "color_blend": 0.46399998664855957,
            "color_fade": 0.3149999976158142,
            "color_offset_modifier": 0.43700000643730164,
            "color_threshold": 0.0,
            "cos_position_amount": 1.0,
            "envelope": 0.6299999952316284,
            "intensity_modifier": 113.0,
            "kernel_side": 28,
            "kernel_sigma": 16.0,
            "method": "pressure_normalized",
            "noise_amount": 1.0,
            "octaves": 4,
            "palette_modifier": 15.0,
            "persistence": 2.8559999465942383,
            "position_centered": false,
            "position_modifier": 16.950000762939453,
            "static_palette": true,
            "time_delta": 0.0,
            "trigger_threshold": 0.0,
            "type": "energy",
            "y_axis_amount": 0.08299999684095383
        }
    ]
}