{
    "modules": {
        "filter": {
            "active": false,
            "frequency_center": 200.0,
            "gain": 0.0,
            "q_intensity": 0.30000001192092896,
            "type": "low_pass"
        },
        "filter_bank": {
            "filters": 100,
            "high_freq": 10000.0,
            "low_freq": 40.0,
            "power": 1.2999999523162842
        },
        "onset": {
            "method": "default",
            "min_interval": 160.0,
            "silence": -20.0,
            "threshold": 0.30000001192092896
        },
        "pitch": {
            "method": "default"
        },
        "tempo": {
            "beat_threshold": -15.0,
            "silence": -15.0,
            "skewness_threshold": 2.0,
            "threshold": 0.30000001192092896
        }
    },
    "sequencers": [
        {
            "brightness": 0.9856815338134766,
            "color_blend": 0.23399999737739563,
            "color_fade": 0.26499998569488525,
            "color_threshold": 0.06700000166893005,
            "envelope": 0.6010000109672546,
            "intensity_modifier": 61.0,
            "kernel_side": 16,
            "kernel_sigma": 9.0,
            "method": "energy",
            "palette_modifier": 1.5729999542236328,
            "static_palette": true,
            "type": "energy"
        },
        {
            "brightness": 0.9856815338134766,
            "color_blend": 0.23399999737739563,
            "color_fade": 0.26499998569488525,
            "color_threshold": 0.06700000166893005,
            "envelope": 0.6010000109672546,
            "intensity_modifier": 61.0,
            "kernel_side": 16,
            "kernel_sigma": 9.0,
            "method": "energy",
            "palette_modifier": 1.5729999542236328,
            "static_palette": false,
            "type": "energy"
        },
        {
            "brightness": 0.9856815338134766,
            "color_blend": 0.23399999737739563,
            "color_fade": 0.26499998569488525,
            "color_threshold": 0.06700000166893005,
            "envelope": 0.6010000109672546,
            "intensity_modifier": 61.0,
            "kernel_side": 16,
            "kernel_sigma": 9.0,
            "method": "energy",
            "palette_modifier": 1.5729999542236328,
            "static_palette": false,
            "type": "energy"
        },
        {
            "brightness": 0.9856815338134766,
            "color_blend": 0.23399999737739563,
            "color_fade": 0.26499998569488525,
            "color_threshold": 0.06700000166893005,
            "envelope": 0.6010000109672546,
            "intensity_modifier": 61.0,
            "kernel_side": 16,
            "kernel_sigma": 9.0,
            "method": "energy",
            "palette_modifier": 1.5729999542236328,
            "static_palette": false,
            "type": "energy"
        }
    ]
}