{
    "modules": {
        "filter_bank": {
            "filters": 100,
            "high_freq": 10000.0,
            "low_freq": 40.0,
            "power": 1.2999999523162842
        },
        "onset": {
            "method": "default",
            "min_interval": 160.0,
            "silence": -20.0,
            "threshold": 0.30000001192092896
        },
        "pitch": {
            "method": "default"
        },
        "tempo": {
            "beat_threshold": -15.0,
            "silence": -15.0,
            "skewness_threshold": 2.0,
            "threshold": 0.30000001192092896
        }
    },
    "sequencers": [
        {
            "brightness": 1.0,
            "color_blend": 0.0860000029206276,
            "color_fade": 0.11100000143051147,
            "color_threshold": 0.10899999737739563,
            "envelope": 0.8539999723434448,
            "intensity_modifier": 43.0,
            "kernel_side": 16,
            "kernel_sigma": 15.0,
            "method": "energy",
            "palette_modifier": 10.0,
            "static_palette": true,
            "type": "energy"
        }
    ]
}