{
    "modules": {
        "band_peak": {
            "bass_threshold": 180.0,
            "mid_threshold": 300.0,
            "timeout": 300,
            "treble_threshold": 200.0
        },
        "filter": {
            "active": false,
            "frequency_center": 200.0,
            "gain": 0.0,
            "q_intensity": 0.30000001192092896,
            "type": "low_pass"
        },
        "filter_bank": {
            "filters": 108,
            "high_freq": 5501.828125,
            "low_freq": 17.39299964904785,
            "power": 2.250999927520752
        },
        "onset": {
            "method": "default",
            "min_interval": 160.0,
            "silence": -20.0,
            "threshold": 0.30000001192092896
        },
        "pitch": {
            "method": "default"
        },
        "tempo": {
            "beat_threshold": -15.0,
            "silence": -15.0,
            "skewness_threshold": 2.0,
            "threshold": 0.30000001192092896
        }
    },
    "sequencers": [
        {
            "blend_down": 0.10599999874830246,
            "blend_up": 0.1509999930858612,
            "brightness": 1.0,
            "color_increase": 0.7110000252723694,
            "power": 2.059999942779541,
            "threshold": 0.09600000083446503,
            "type": "filter_bank"
        },
        {
            "blend_down": 0.10599999874830246,
            "blend_up": 0.1509999930858612,
            "brightness": 1.0,
            "color_increase": 0.7110000252723694,
            "power": 2.059999942779541,
            "threshold": 0.09600000083446503,
            "type": "filter_bank"
        },
        {
            "blend_down": 0.10599999874830246,
            "blend_up": 0.1509999930858612,
            "brightness": 1.0,
            "color_increase": 0.7110000252723694,
            "power": 2.059999942779541,
            "threshold": 0.09600000083446503,
            "type": "filter_bank"
        },
        {
            "blend_down": 0.10599999874830246,
            "blend_up": 0.1509999930858612,
            "brightness": 1.0,
            "color_increase": 0.7110000252723694,
            "power": 2.059999942779541,
            "threshold": 0.09600000083446503,
            "type": "filter_bank"
        }
    ]
}