{
    "modules": {
        "band_peak": {
            "bass_threshold": 180.0,
            "mid_threshold": 300.0,
            "timeout": 300,
            "treble_threshold": 200.0
        },
        "filter": {
            "active": false,
            "frequency_center": 200.0,
            "gain": 0.0,
            "q_intensity": 0.30000001192092896,
            "type": "low_pass"
        },
        "filter_bank": {
            "filters": 75,
            "high_freq": 7406.30908203125,
            "low_freq": 38.55500030517578,
            "power": 1.3250000476837158
        },
        "onset": {
            "method": "default",
            "min_interval": 160.0,
            "silence": -20.0,
            "threshold": 0.30000001192092896
        },
        "pitch": {
            "method": "default"
        },
        "tempo": {
            "beat_threshold": -15.0,
            "silence": -15.0,
            "skewness_threshold": 2.0,
            "threshold": 0.30000001192092896
        }
    },
    "sequencers": [
        {
            "blend_down": 0.17900000512599945,
            "blend_up": 1.0,
            "brightness": 1.0,
            "color_increase": 2.625,
            "power": 10.0,
            "threshold": 0.020999999716877937,
            "type": "filter_bank"
        },
        {
            "blend_down": 0.17900000512599945,
            "blend_up": 1.0,
            "brightness": 0.15000000596046448,
            "color_increase": 2.625,
            "power": 10.0,
            "threshold": 0.020999999716877937,
            "type": "filter_bank"
        },
        {
            "blend_down": 0.17900000512599945,
            "blend_up": 1.0,
            "brightness": 0.15000000596046448,
            "color_increase": 2.625,
            "power": 10.0,
            "threshold": 0.020999999716877937,
            "type": "filter_bank"
        },
        {
            "blend_down": 0.17900000512599945,
            "blend_up": 1.0,
            "brightness": 0.15000000596046448,
            "color_increase": 2.625,
            "power": 10.0,
            "threshold": 0.020999999716877937,
            "type": "filter_bank"
        }
    ]
}