{
    "modules": {
        "band_peak": {
            "bass_threshold": 180.0,
            "mid_threshold": 300.0,
            "timeout": 300,
            "treble_threshold": 200.0
        },
        "filter": {
            "active": false,
            "frequency_center": 200.0,
            "gain": 0.0,
            "q_intensity": 0.30000001192092896,
            "type": "low_pass"
        },
        "filter_bank": {
            "filters": 100,
            "high_freq": 10000.0,
            "low_freq": 40.0,
            "power": 1.2999999523162842
        },
        "onset": {
            "method": "default",
            "min_interval": 160.0,
            "silence": -20.0,
            "threshold": 0.30000001192092896
        },
        "pitch": {
            "method": "default"
        },
        "tempo": {
            "beat_threshold": -15.0,
            "silence": -15.0,
            "skewness_threshold": 2.0,
            "threshold": 0.30000001192092896
        }
    },
    "sequencers": [
        {
            "brightness": 1.0,
            "color_blend": 1.0,
            "color_fade": 0.24300000071525574,
            "color_threshold": 0.0,
            "envelope": 0.6439999938011169,
            "intensity_modifier": 23.976999282836914,
            "kernel_side": 4,
            "kernel_sigma": 11.741999626159668,
            "min_level": 0.004999999888241291,
            "mirror": true,
            "palette_modifier": 0.029999999329447746,
            "skewness": false,
            "snap": 1,
            "type": "star",
            "value_blend": 0.9919999837875366
        },
        {
            "brightness": 1.0,
            "color_modifier": 0.3700000047683716,
            "direction": true,
            "method": "energy",
            "mirror": false,
            "palette_modifier": 0.49399998784065247,
            "power": 2.0,
            "type": "waves",
            "waviness": 0.1899999976158142
        },
        {
            "brightness": 0.2985318601131439,
            "color_blend": 0.5389999747276306,
            "color_fade": 0.3140000104904175,
            "color_threshold": 0.0,
            "envelope": 0.5,
            "intensity_modifier": 5.669000148773193,
            "kernel_side": 2,
            "kernel_sigma": 4.449999809265137,
            "min_level": 0.0020000000949949026,
            "mirror": true,
            "palette_modifier": 0.029999999329447746,
            "skewness": false,
            "snap": 1,
            "type": "star",
            "value_blend": 0.2240000069141388
        }
    ]
}