{
    "sequencers": [
        {
            "brightness": 1.0,
            "color_modifier": 0.07800000160932541,
            "direction": false,
            "gain": 1.0529999732971191,
            "hfc_amount": 0.1459999978542328,
            "hfc_modifier": 0.2630000114440918,
            "method": "energy",
            "mirror": false,
            "octaves": 3,
            "offset": 0.2809999883174896,
            "palette_modifier": 0.40700000524520874,
            "persistence": 1.3279999494552612,
            "position_amount": 0.6830000281333923,
            "power": 1.2610000371932983,
            "threshold": 0.04699999839067459,
            "time_delta": 0.039000000804662704,
            "type": "noise",
            "waviness": 0.4860000014305115
        },
        {
            "brightness": 1.0,
            "color_modifier": 0.07800000160932541,
            "direction": false,
            "gain": 1.0529999732971191,
            "hfc_amount": 0.1459999978542328,
            "hfc_modifier": 0.2630000114440918,
            "method": "energy",
            "mirror": false,
            "octaves": 3,
            "offset": 0.2809999883174896,
            "palette_modifier": 0.40700000524520874,
            "persistence": 1.3279999494552612,
            "position_amount": 0.6830000281333923,
            "power": 1.2610000371932983,
            "threshold": 0.04699999839067459,
            "time_delta": 0.039000000804662704,
            "type": "noise",
            "waviness": 0.4860000014305115
        },
        {
            "brightness": 1.0,
            "color_modifier": 0.07800000160932541,
            "direction": false,
            "gain": 1.0529999732971191,
            "hfc_amount": 0.1459999978542328,
            "hfc_modifier": 0.2630000114440918,
            "method": "energy",
            "mirror": false,
            "octaves": 3,
            "offset": 0.2809999883174896,
            "palette_modifier": 0.40700000524520874,
            "persistence": 1.3279999494552612,
            "position_amount": 0.6830000281333923,
            "power": 1.2610000371932983,
            "threshold": 0.04699999839067459,
            "time_delta": 0.039000000804662704,
            "type": "noise",
            "waviness": 0.4860000014305115
        },
        {
            "brightness": 1.0,
            "color_modifier": 0.07800000160932541,
            "direction": false,
            "gain": 1.0529999732971191,
            "hfc_amount": 0.1459999978542328,
            "hfc_modifier": 0.2630000114440918,
            "method": "energy",
            "mirror": false,
            "octaves": 3,
            "offset": 0.2809999883174896,
            "palette_modifier": 0.40700000524520874,
            "persistence": 1.3279999494552612,
            "position_amount": 0.6830000281333923,
            "power": 1.2610000371932983,
            "threshold": 0.04699999839067459,
            "time_delta": 0.039000000804662704,
            "type": "noise",
            "waviness": 0.4860000014305115
        },
        {
            "brightness": 1.0,
            "color_modifier": 0.07800000160932541,
            "direction": false,
            "gain": 1.0529999732971191,
            "hfc_amount": 0.1459999978542328,
            "hfc_modifier": 0.2630000114440918,
            "method": "energy",
            "mirror": false,
            "octaves": 3,
            "offset": 0.2809999883174896,
            "palette_modifier": 0.40700000524520874,
            "persistence": 1.3279999494552612,
            "position_amount": 0.6830000281333923,
            "power": 1.2610000371932983,
            "threshold": 0.04699999839067459,
            "time_delta": 0.039000000804662704,
            "type": "noise",
            "waviness": 0.4860000014305115
        },
        {
            "brightness": 1.0,
            "color_modifier": 0.07800000160932541,
            "direction": false,
            "gain": 1.0529999732971191,
            "hfc_amount": 0.1459999978542328,
            "hfc_modifier": 0.2630000114440918,
            "method": "energy",
            "mirror": false,
            "octaves": 3,
            "offset": 0.2809999883174896,
            "palette_modifier": 0.40700000524520874,
            "persistence": 1.3279999494552612,
            "position_amount": 0.6830000281333923,
            "power": 1.2610000371932983,
            "threshold": 0.04699999839067459,
            "time_delta": 0.039000000804662704,
            "type": "noise",
            "waviness": 0.4860000014305115
        }
    ]
}