{
    "sequencers": [
        {
            "brightness": 1.0,
            "color_modifier": 0.004000000189989805,
            "direction": true,
            "gain": 4.195000171661377,
            "hfc_amount": 0.0,
            "hfc_modifier": 0.47699999809265137,
            "method": "pressure_normalized",
            "mirror": false,
            "octaves": 8,
            "offset": 2.7990000247955322,
            "palette_modifier": 2.7320001125335693,
            "persistence": 0.7580000162124634,
            "position_amount": 0.004000000189989805,
            "power": 0.4449999928474426,
            "threshold": 0.06700000166893005,
            "time_delta": 0.0,
            "type": "noise",
            "waviness": 0.23499999940395355
        },
        {
            "brightness": 1.0,
            "color_modifier": 0.004000000189989805,
            "direction": true,
            "gain": 4.195000171661377,
            "hfc_amount": 0.0,
            "hfc_modifier": 0.47699999809265137,
            "method": "pressure_normalized",
            "mirror": false,
            "octaves": 8,
            "offset": 2.7990000247955322,
            "palette_modifier": 2.7320001125335693,
            "persistence": 0.7580000162124634,
            "position_amount": 0.004000000189989805,
            "power": 0.4449999928474426,
            "threshold": 0.06700000166893005,
            "time_delta": 0.0,
            "type": "noise",
            "waviness": 0.23499999940395355
        },
        {
            "brightness": 1.0,
            "color_modifier": 0.004000000189989805,
            "direction": true,
            "gain": 4.195000171661377,
            "hfc_amount": 0.0,
            "hfc_modifier": 0.47699999809265137,
            "method": "pressure_normalized",
            "mirror": false,
            "octaves": 8,
            "offset": 2.7990000247955322,
            "palette_modifier": 2.7320001125335693,
            "persistence": 0.7580000162124634,
            "position_amount": 0.004000000189989805,
            "power": 0.4449999928474426,
            "threshold": 0.06700000166893005,
            "time_delta": 0.0,
            "type": "noise",
            "waviness": 0.23499999940395355
        },
        {
            "brightness": 1.0,
            "color_modifier": 0.004000000189989805,
            "direction": true,
            "gain": 4.195000171661377,
            "hfc_amount": 0.0,
            "hfc_modifier": 0.47699999809265137,
            "method": "pressure_normalized",
            "mirror": false,
            "octaves": 8,
            "offset": 2.7990000247955322,
            "palette_modifier": 2.7320001125335693,
            "persistence": 0.7580000162124634,
            "position_amount": 0.004000000189989805,
            "power": 0.4449999928474426,
            "threshold": 0.06700000166893005,
            "time_delta": 0.0,
            "type": "noise",
            "waviness": 0.23499999940395355
        },
        {
            "brightness": 1.0,
            "color_modifier": 0.004000000189989805,
            "direction": true,
            "gain": 4.195000171661377,
            "hfc_amount": 0.0,
            "hfc_modifier": 0.47699999809265137,
            "method": "pressure_normalized",
            "mirror": false,
            "octaves": 8,
            "offset": 2.7990000247955322,
            "palette_modifier": 2.7320001125335693,
            "persistence": 0.7580000162124634,
            "position_amount": 0.004000000189989805,
            "power": 0.4449999928474426,
            "threshold": 0.06700000166893005,
            "time_delta": 0.0,
            "type": "noise",
            "waviness": 0.23499999940395355
        },
        {
            "brightness": 1.0,
            "color_modifier": 0.004000000189989805,
            "direction": true,
            "gain": 4.195000171661377,
            "hfc_amount": 0.0,
            "hfc_modifier": 0.47699999809265137,
            "method": "pressure_normalized",
            "mirror": false,
            "octaves": 8,
            "offset": 2.7990000247955322,
            "palette_modifier": 2.7320001125335693,
            "persistence": 0.7580000162124634,
            "position_amount": 0.004000000189989805,
            "power": 0.4449999928474426,
            "threshold": 0.06700000166893005,
            "time_delta": 0.0,
            "type": "noise",
            "waviness": 0.23499999940395355
        }
    ]
}