{
    "modules": {
        "band_peak": {
            "bass_threshold": 180.0,
            "mid_threshold": 300.0,
            "timeout": 300,
            "treble_threshold": 200.0
        },
        "filter": {
            "active": false,
            "frequency_center": 200.0,
            "gain": 0.0,
            "q_intensity": 0.30000001192092896,
            "type": "low_pass"
        },
        "filter_bank": {
            "filters": 100,
            "high_freq": 10000.0,
            "low_freq": 40.0,
            "power": 1.2999999523162842
        },
        "onset": {
            "adaptive_whitening": false,
            "method": "default",
            "min_interval": 160.0,
            "silence": -20.0,
            "threshold": 0.30000001192092896
        },
        "pitch": {
            "method": "default"
        },
        "tempo": {
            "beat_threshold": -15.0,
            "silence": -15.0,
            "skewness_threshold": 2.0,
            "threshold": 0.30000001192092896
        }
    },
    "sequencers": [
        {
            "brightness": 1.0,
            "color_modifier": 0.10100000351667404,
            "direction": false,
            "gain": 2.8589999675750732,
            "hfc_modifier": 3.7790000438690186,
            "method": "energy",
            "mirror": false,
            "octaves": 3,
            "offset": 1.125,
            "palette_modifier": 1.1979999542236328,
            "persistence": 2.443000078201294,
            "power": 1.3869999647140503,
            "time_delta": 0.48100000619888306,
            "type": "noise",
            "waviness": 1.4809999465942383
        },
        {
            "brightness": 1.0,
            "color_modifier": 0.17000000178813934,
            "direction": false,
            "gain": 1.871999979019165,
            "hfc_modifier": 0.05000000074505806,
            "method": "energy",
            "mirror": false,
            "octaves": 4,
            "offset": 1.0049999952316284,
            "palette_modifier": 0.8730000257492065,
            "persistence": 0.7820000052452087,
            "power": 1.899999976158142,
            "time_delta": 1.0,
            "type": "noise",
            "waviness": 1.9500000476837158
        },
        {
            "brightness": 1.0,
            "color_modifier": 0.17000000178813934,
            "direction": false,
            "gain": 1.871999979019165,
            "hfc_modifier": 0.05000000074505806,
            "method": "energy",
            "mirror": false,
            "octaves": 4,
            "offset": 1.0049999952316284,
            "palette_modifier": 0.8730000257492065,
            "persistence": 0.7820000052452087,
            "power": 1.899999976158142,
            "time_delta": 1.0,
            "type": "noise",
            "waviness": 1.9500000476837158
        }
    ]
}