{
    "modules": {
        "filter": {
            "active": false,
            "frequency_center": 200.0,
            "gain": 0.0,
            "q_intensity": 0.30000001192092896,
            "type": "low_pass"
        },
        "filter_bank": {
            "filters": 100,
            "high_freq": 10000.0,
            "low_freq": 40.0,
            "power": 1.2999999523162842
        },
        "onset": {
            "method": "default",
            "min_interval": 160.0,
            "silence": -20.0,
            "threshold": 0.30000001192092896
        },
        "pitch": {
            "method": "mcomb"
        },
        "tempo": {
            "beat_threshold": -15.0,
            "silence": -15.0,
            "skewness_threshold": 2.0,
            "threshold": 0.30000001192092896
        }
    },
    "sequencers": [
        {
            "bottom_offset": 12,
            "brightness": 1.0,
            "color_blend": 1.0,
            "color_fade": 0.34200000762939453,
            "color_threshold": 0.0,
            "intensity_modifier": 15.902999877929688,
            "kernel_side": 1,
            "kernel_sigma": 2.621000051498413,
            "mirror": true,
            "palette_modifier": 2.0,
            "pitch_scale": 0.8510000109672546,
            "snap": 1,
            "type": "pitch"
        },
        {
            "bottom_offset": 12,
            "brightness": 1.0,
            "color_blend": 1.0,
            "color_fade": 0.34200000762939453,
            "color_threshold": 0.0,
            "intensity_modifier": 15.902999877929688,
            "kernel_side": 1,
            "kernel_sigma": 2.621000051498413,
            "mirror": true,
            "palette_modifier": 2.0,
            "pitch_scale": 0.8510000109672546,
            "snap": 1,
            "type": "pitch"
        },
        {
            "bottom_offset": 12,
            "brightness": 1.0,
            "color_blend": 1.0,
            "color_fade": 0.34200000762939453,
            "color_threshold": 0.0,
            "intensity_modifier": 15.902999877929688,
            "kernel_side": 1,
            "kernel_sigma": 2.621000051498413,
            "mirror": true,
            "palette_modifier": 2.0,
            "pitch_scale": 0.8510000109672546,
            "snap": 1,
            "type": "pitch"
        },
        {
            "bottom_offset": 12,
            "brightness": 1.0,
            "color_blend": 1.0,
            "color_fade": 0.34200000762939453,
            "color_threshold": 0.0,
            "intensity_modifier": 15.902999877929688,
            "kernel_side": 1,
            "kernel_sigma": 2.621000051498413,
            "mirror": true,
            "palette_modifier": 2.0,
            "pitch_scale": 0.8510000109672546,
            "snap": 1,
            "type": "pitch"
        }
    ]
}