{
    "modules": {
        "band_peak": {
            "bass_threshold": 180.0,
            "mid_threshold": 300.0,
            "timeout": 300,
            "treble_threshold": 200.0
        },
        "filter": {
            "active": false,
            "frequency_center": 200.0,
            "gain": 0.0,
            "q_intensity": 0.30000001192092896,
            "type": "low_pass"
        },
        "filter_bank": {
            "filters": 100,
            "high_freq": 10000.0,
            "low_freq": 40.0,
            "power": 1.2999999523162842
        },
        "onset": {
            "method": "default",
            "min_interval": 160.0,
            "silence": -20.0,
            "threshold": 0.30000001192092896
        },
        "pitch": {
            "method": "default"
        },
        "tempo": {
            "beat_threshold": -15.0,
            "silence": -15.0,
            "skewness_threshold": 2.0,
            "threshold": 0.30000001192092896
        }
    },
    "sequencers": [
        {
            "bottom_offset": 30,
            "brightness": 1.0,
            "color_blend": 0.777999997138977,
            "color_fade": 0.29499998688697815,
            "color_threshold": 0.0,
            "intensity_modifier": 9.0649995803833,
            "kernel_side": 7,
            "kernel_sigma": 3.2009999752044678,
            "mirror": true,
            "palette_modifier": 2.7269999980926514,
            "pitch_scale": 1.0520000457763672,
            "snap": 10,
            "type": "pitch"
        },
        {
            "bottom_offset": 30,
            "brightness": 1.0,
            "color_blend": 0.777999997138977,
            "color_fade": 0.29499998688697815,
            "color_threshold": 0.0,
            "intensity_modifier": 9.0649995803833,
            "kernel_side": 7,
            "kernel_sigma": 3.2009999752044678,
            "mirror": true,
            "palette_modifier": 2.7269999980926514,
            "pitch_scale": 1.0520000457763672,
            "snap": 10,
            "type": "pitch"
        },
        {
            "bottom_offset": 30,
            "brightness": 1.0,
            "color_blend": 0.777999997138977,
            "color_fade": 0.29499998688697815,
            "color_threshold": 0.0,
            "intensity_modifier": 9.0649995803833,
            "kernel_side": 7,
            "kernel_sigma": 3.2009999752044678,
            "mirror": true,
            "palette_modifier": 2.7269999980926514,
            "pitch_scale": 1.0520000457763672,
            "snap": 10,
            "type": "pitch"
        },
        {
            "bottom_offset": 30,
            "brightness": 1.0,
            "color_blend": 0.777999997138977,
            "color_fade": 0.29499998688697815,
            "color_threshold": 0.0,
            "intensity_modifier": 9.0649995803833,
            "kernel_side": 7,
            "kernel_sigma": 3.2009999752044678,
            "mirror": true,
            "palette_modifier": 2.7269999980926514,
            "pitch_scale": 1.0520000457763672,
            "snap": 10,
            "type": "pitch"
        },
        {
            "bottom_offset": 30,
            "brightness": 1.0,
            "color_blend": 0.777999997138977,
            "color_fade": 0.29499998688697815,
            "color_threshold": 0.0,
            "intensity_modifier": 9.0649995803833,
            "kernel_side": 7,
            "kernel_sigma": 3.2009999752044678,
            "mirror": true,
            "palette_modifier": 2.7269999980926514,
            "pitch_scale": 1.0520000457763672,
            "snap": 10,
            "type": "pitch"
        }
    ]
}