{
    "modules": {
        "band_peak": {
            "bass_threshold": 180.0,
            "mid_threshold": 300.0,
            "timeout": 300,
            "treble_threshold": 200.0
        },
        "filter": {
            "active": false,
            "frequency_center": 200.0,
            "gain": 0.0,
            "q_intensity": 0.30000001192092896,
            "type": "low_pass"
        },
        "filter_bank": {
            "filters": 100,
            "high_freq": 10000.0,
            "low_freq": 40.0,
            "power": 1.2999999523162842
        },
        "onset": {
            "method": "default",
            "min_interval": 160.0,
            "silence": -20.0,
            "threshold": 0.30000001192092896
        },
        "pitch": {
            "method": "default"
        },
        "tempo": {
            "beat_threshold": -15.0,
            "silence": -15.0,
            "skewness_threshold": 2.0,
            "threshold": 0.30000001192092896
        }
    },
    "sequencers": [
        {
            "brightness": 1.0,
            "color_blend": 1.0,
            "color_fade": 0.414000004529953,
            "color_threshold": 0.0,
            "envelope": 0.36000001430511475,
            "intensity_modifier": 29.82699966430664,
            "kernel_side": 15,
            "kernel_sigma": 11.185999870300293,
            "min_level": 0.004999999888241291,
            "mirror": true,
            "palette_modifier": 0.029999999329447746,
            "skewness": true,
            "snap": 1,
            "type": "star",
            "value_blend": 0.15000000596046448
        },
        {
            "brightness": 1.0,
            "color_blend": 1.0,
            "color_fade": 0.3449999988079071,
            "color_threshold": 0.0,
            "envelope": 0.2549999952316284,
            "intensity_modifier": 29.82699966430664,
            "kernel_side": 15,
            "kernel_sigma": 2.361999988555908,
            "min_level": 0.004999999888241291,
            "mirror": true,
            "palette_modifier": 0.029999999329447746,
            "skewness": true,
            "snap": 1,
            "type": "star",
            "value_blend": 0.29600000381469727
        },
        {
            "brightness": 1.0,
            "color_blend": 1.0,
            "color_fade": 0.414000004529953,
            "color_threshold": 0.0,
            "envelope": 0.36000001430511475,
            "intensity_modifier": 29.82699966430664,
            "kernel_side": 15,
            "kernel_sigma": 11.185999870300293,
            "min_level": 0.004999999888241291,
            "mirror": true,
            "palette_modifier": 0.029999999329447746,
            "skewness": true,
            "snap": 1,
            "type": "star",
            "value_blend": 0.15000000596046448
        },
        {
            "brightness": 1.0,
            "color_modifier": 0.35499998927116394,
            "direction": true,
            "method": "energy",
            "mirror": true,
            "palette_modifier": 0.6690000295639038,
            "power": 2.6029999256134033,
            "type": "waves",
            "waviness": 0.164000004529953
        },
        {
            "brightness": 1.0,
            "color_modifier": 0.35499998927116394,
            "direction": false,
            "method": "energy",
            "mirror": true,
            "palette_modifier": 0.6690000295639038,
            "power": 2.6029999256134033,
            "type": "waves",
            "waviness": 0.164000004529953
        }
    ]
}