{
    "modules": {
        "filter": {
            "active": false,
            "frequency_center": 200.0,
            "gain": 0.0,
            "q_intensity": 0.30000001192092896,
            "type": "low_pass"
        },
        "filter_bank": {
            "filters": 100,
            "high_freq": 10000.0,
            "low_freq": 40.0,
            "power": 1.2999999523162842
        },
        "onset": {
            "method": "hfc",
            "min_interval": 232.0,
            "silence": -20.0,
            "threshold": 0.4740000069141388
        },
        "pitch": {
            "method": "default"
        },
        "tempo": {
            "beat_threshold": -22.253999710083008,
            "silence": -21.68199920654297,
            "skewness_threshold": 10.0,
            "threshold": 0.11500000208616257
        }
    },
    "sequencers": [
        {
            "brightness": 1.0,
            "color_blend": 0.6949999928474426,
            "color_increase": 0.2590000033378601,
            "direction": true,
            "energy_velocity": true,
            "fade_blend": 0.052000001072883606,
            "initial_snake_velocity": 2.927999973297119,
            "max_snakes": 5,
            "mirror": true,
            "snake_length": 1,
            "trigger": "beat",
            "type": "snakes",
            "velocity_decay": 0.0,
            "velocity_threshold": 0.05900000035762787
        },
        {
            "brightness": 1.0,
            "color_blend": 0.6949999928474426,
            "color_increase": 0.2590000033378601,
            "direction": true,
            "energy_velocity": true,
            "fade_blend": 0.052000001072883606,
            "initial_snake_velocity": 2.927999973297119,
            "max_snakes": 5,
            "mirror": true,
            "snake_length": 1,
            "trigger": "beat",
            "type": "snakes",
            "velocity_decay": 0.0,
            "velocity_threshold": 0.05900000035762787
        },
        {
            "brightness": 1.0,
            "color_blend": 0.6949999928474426,
            "color_increase": 0.2590000033378601,
            "direction": true,
            "energy_velocity": true,
            "fade_blend": 0.052000001072883606,
            "initial_snake_velocity": 2.927999973297119,
            "max_snakes": 5,
            "mirror": true,
            "snake_length": 1,
            "trigger": "beat",
            "type": "snakes",
            "velocity_decay": 0.0,
            "velocity_threshold": 0.05900000035762787
        },
        {
            "brightness": 1.0,
            "color_blend": 0.6949999928474426,
            "color_increase": 0.2590000033378601,
            "direction": true,
            "energy_velocity": true,
            "fade_blend": 0.052000001072883606,
            "initial_snake_velocity": 2.927999973297119,
            "max_snakes": 5,
            "mirror": true,
            "snake_length": 1,
            "trigger": "beat",
            "type": "snakes",
            "velocity_decay": 0.0,
            "velocity_threshold": 0.05900000035762787
        }
    ]
}