{
    "modules": {
        "band_peak": {
            "bass_threshold": 180.0,
            "mid_threshold": 300.0,
            "timeout": 300,
            "treble_threshold": 200.0
        },
        "filter": {
            "active": false,
            "frequency_center": 200.0,
            "gain": 0.0,
            "q_intensity": 0.30000001192092896,
            "type": "low_pass"
        },
        "filter_bank": {
            "filters": 100,
            "high_freq": 10000.0,
            "low_freq": 40.0,
            "power": 1.2999999523162842
        },
        "onset": {
            "method": "hfc",
            "min_interval": 232.0,
            "silence": -20.0,
            "threshold": 0.4740000069141388
        },
        "pitch": {
            "method": "default"
        },
        "tempo": {
            "beat_threshold": -23.39699935913086,
            "silence": -19.965999603271484,
            "skewness_threshold": 5.127999782562256,
            "threshold": 0.004999999888241291
        }
    },
    "sequencers": [
        {
            "brightness": 1.0,
            "color_blend": 0.6949999928474426,
            "color_increase": 0.2590000033378601,
            "direction": true,
            "energy_velocity": false,
            "fade_blend": 0.18000000715255737,
            "initial_snake_velocity": 2.6419999599456787,
            "max_snakes": 5,
            "mirror": true,
            "snake_length": 12,
            "trigger": "beat",
            "type": "snakes",
            "velocity_decay": 0.0,
            "velocity_threshold": 0.02800000086426735
        },
        {
            "brightness": 1.0,
            "color_blend": 0.6949999928474426,
            "color_increase": 0.2590000033378601,
            "direction": true,
            "energy_velocity": false,
            "fade_blend": 0.18000000715255737,
            "initial_snake_velocity": 2.6419999599456787,
            "max_snakes": 5,
            "mirror": true,
            "snake_length": 12,
            "trigger": "beat",
            "type": "snakes",
            "velocity_decay": 0.0,
            "velocity_threshold": 0.02800000086426735
        },
        {
            "brightness": 1.0,
            "color_blend": 0.6949999928474426,
            "color_increase": 0.2590000033378601,
            "direction": true,
            "energy_velocity": false,
            "fade_blend": 0.18000000715255737,
            "initial_snake_velocity": 2.6419999599456787,
            "max_snakes": 5,
            "mirror": true,
            "snake_length": 12,
            "trigger": "beat",
            "type": "snakes",
            "velocity_decay": 0.0,
            "velocity_threshold": 0.02800000086426735
        },
        {
            "brightness": 1.0,
            "color_blend": 0.6949999928474426,
            "color_increase": 0.2590000033378601,
            "direction": true,
            "energy_velocity": false,
            "fade_blend": 0.18000000715255737,
            "initial_snake_velocity": 2.6419999599456787,
            "max_snakes": 5,
            "mirror": true,
            "snake_length": 12,
            "trigger": "beat",
            "type": "snakes",
            "velocity_decay": 0.0,
            "velocity_threshold": 0.02800000086426735
        }
    ]
}