{
    "sequencers": [
        {
            "brightness": 1.0,
            "color_blend": 0.7459999918937683,
            "color_increase": 0.07699999958276749,
            "color_threshold": 0.3959999978542328,
            "direction": false,
            "energy_velocity": false,
            "fade_blend": 0.46700000762939453,
            "initial_snake_velocity": 5.199999809265137,
            "max_snakes": 100,
            "min_delay_frames": 1,
            "mirror": false,
            "skewness_color_modifier": 0.33899998664855957,
            "snake_length": 7,
            "trigger": "pressure_normalized",
            "trigger_threshold": 0.9990000128746033,
            "type": "snakes",
            "velocity_decay": 0.0,
            "velocity_threshold": 1.531000018119812
        },
        {
            "brightness": 1.0,
            "color_blend": 0.7459999918937683,
            "color_increase": 0.07699999958276749,
            "color_threshold": 0.3959999978542328,
            "direction": false,
            "energy_velocity": false,
            "fade_blend": 0.46700000762939453,
            "initial_snake_velocity": 1.11899995803833,
            "max_snakes": 1,
            "min_delay_frames": 1,
            "mirror": false,
            "skewness_color_modifier": 0.33899998664855957,
            "snake_length": 7,
            "trigger": "pressure_normalized",
            "trigger_threshold": 0.9990000128746033,
            "type": "snakes",
            "velocity_decay": 0.0,
            "velocity_threshold": 0.0
        },
        {
            "brightness": 1.0,
            "color_blend": 0.7459999918937683,
            "color_increase": 0.07699999958276749,
            "color_threshold": 0.3959999978542328,
            "direction": false,
            "energy_velocity": false,
            "fade_blend": 0.46700000762939453,
            "initial_snake_velocity": 1.371999979019165,
            "max_snakes": 1,
            "min_delay_frames": 1,
            "mirror": false,
            "skewness_color_modifier": 0.33899998664855957,
            "snake_length": 7,
            "trigger": "pressure_normalized",
            "trigger_threshold": 0.9990000128746033,
            "type": "snakes",
            "velocity_decay": 0.0,
            "velocity_threshold": 0.0
        },
        {
            "brightness": 1.0,
            "color_blend": 0.7459999918937683,
            "color_increase": 0.07699999958276749,
            "color_threshold": 0.3959999978542328,
            "direction": false,
            "energy_velocity": false,
            "fade_blend": 0.46700000762939453,
            "initial_snake_velocity": 5.199999809265137,
            "max_snakes": 100,
            "min_delay_frames": 1,
            "mirror": false,
            "skewness_color_modifier": 0.33899998664855957,
            "snake_length": 7,
            "trigger": "pressure_normalized",
            "trigger_threshold": 0.9990000128746033,
            "type": "snakes",
            "velocity_decay": 0.0,
            "velocity_threshold": 1.531000018119812
        },
        {
            "brightness": 1.0,
            "color_blend": 0.7459999918937683,
            "color_increase": 0.07699999958276749,
            "color_threshold": 0.3959999978542328,
            "direction": false,
            "energy_velocity": false,
            "fade_blend": 0.46700000762939453,
            "initial_snake_velocity": 5.199999809265137,
            "max_snakes": 100,
            "min_delay_frames": 1,
            "mirror": false,
            "skewness_color_modifier": 0.33899998664855957,
            "snake_length": 7,
            "trigger": "pressure_normalized",
            "trigger_threshold": 0.9990000128746033,
            "type": "snakes",
            "velocity_decay": 0.0,
            "velocity_threshold": 1.531000018119812
        },
        {
            "brightness": 1.0,
            "color_blend": 0.7459999918937683,
            "color_increase": 0.07699999958276749,
            "color_threshold": 0.3959999978542328,
            "direction": false,
            "energy_velocity": false,
            "fade_blend": 0.46700000762939453,
            "initial_snake_velocity": 5.199999809265137,
            "max_snakes": 100,
            "min_delay_frames": 1,
            "mirror": false,
            "skewness_color_modifier": 0.33899998664855957,
            "snake_length": 7,
            "trigger": "pressure_normalized",
            "trigger_threshold": 0.9990000128746033,
            "type": "snakes",
            "velocity_decay": 0.0,
            "velocity_threshold": 1.531000018119812
        }
    ]
}