{
    "modules": {
        "filter_bank": {
            "filters": 100,
            "high_freq": 10000.0,
            "low_freq": 40.0,
            "power": 1.2999999523162842
        },
        "onset": {
            "method": "default",
            "min_interval": 25.0,
            "silence": -20.0,
            "threshold": 0.02199999988079071
        },
        "pitch": {
            "method": "default"
        },
        "tempo": {
            "beat_threshold": -15.0,
            "silence": -15.0,
            "skewness_threshold": 2.0,
            "threshold": 0.30000001192092896
        }
    },
    "sequencers": [{
            "brightness": 1.0,
            "color_blend": 0.8500000238418579,
            "color_increase": 1.4479999542236328,
            "direction": true,
            "fade_blend": 0.31700000166893005,
            "initial_snake_velocity": 5.940999984741211,
            "max_snakes": 20,
            "mirror": true,
            "snake_length": 3,
            "trigger": "onset",
            "type": "snakes",
            "velocity_decay": 0.0,
            "velocity_threshold": 0.004000000189989805
        },
        {
            "brightness": 1.0,
            "color_blend": 0.8500000238418579,
            "color_increase": 1.4479999542236328,
            "direction": true,
            "fade_blend": 0.31700000166893005,
            "initial_snake_velocity": 5.940999984741211,
            "max_snakes": 20,
            "mirror": true,
            "snake_length": 3,
            "trigger": "onset",
            "type": "snakes",
            "velocity_decay": 0.0,
            "velocity_threshold": 0.004000000189989805
        },
        {
            "brightness": 1.0,
            "color_blend": 0.8500000238418579,
            "color_increase": 1.4479999542236328,
            "direction": true,
            "fade_blend": 0.31700000166893005,
            "initial_snake_velocity": 5.940999984741211,
            "max_snakes": 20,
            "mirror": true,
            "snake_length": 3,
            "trigger": "onset",
            "type": "snakes",
            "velocity_decay": 0.0,
            "velocity_threshold": 0.004000000189989805
        },
        {
            "brightness": 1.0,
            "color_blend": 0.8500000238418579,
            "color_increase": 1.4479999542236328,
            "direction": true,
            "fade_blend": 0.31700000166893005,
            "initial_snake_velocity": 5.940999984741211,
            "max_snakes": 20,
            "mirror": true,
            "snake_length": 3,
            "trigger": "onset",
            "type": "snakes",
            "velocity_decay": 0.0,
            "velocity_threshold": 0.004000000189989805
        }
    ]
}
