{
    "modules": {
        "band_peak": {
            "bass_threshold": 180.0,
            "mid_threshold": 300.0,
            "timeout": 300,
            "treble_threshold": 200.0
        },
        "filter": {
            "active": false,
            "frequency_center": 200.0,
            "gain": 0.0,
            "q_intensity": 0.30000001192092896,
            "type": "low_pass"
        },
        "filter_bank": {
            "filters": 100,
            "high_freq": 10000.0,
            "low_freq": 40.0,
            "power": 1.2999999523162842
        },
        "onset": {
            "method": "default",
            "min_interval": 160.0,
            "silence": -20.0,
            "threshold": 0.30000001192092896
        },
        "pitch": {
            "method": "default"
        },
        "tempo": {
            "beat_threshold": -15.0,
            "silence": -15.0,
            "skewness_threshold": 2.0,
            "threshold": 0.30000001192092896
        }
    },
    "sequencers": [
        {
            "brightness": 1.0,
            "color_blend": 0.9589999914169312,
            "color_fade": 0.382999986410141,
            "color_threshold": 0.0,
            "envelope": 0.20499999821186066,
            "intensity_modifier": 24.95199966430664,
            "kernel_side": 9,
            "kernel_sigma": 16.506999969482422,
            "min_level": 0.009999999776482582,
            "mirror": true,
            "palette_modifier": 0.029999999329447746,
            "skewness": true,
            "snap": 1,
            "type": "star",
            "value_blend": 0.4059999883174896
        },
        {
            "brightness": 1.0,
            "color_blend": 0.4000000059604645,
            "color_fade": 0.18000000715255737,
            "color_threshold": 0.0,
            "envelope": 0.4000000059604645,
            "intensity_modifier": 3.5,
            "kernel_side": 5,
            "kernel_sigma": 1.0,
            "min_level": 0.009999999776482582,
            "mirror": false,
            "palette_modifier": 0.029999999329447746,
            "skewness": false,
            "snap": 5,
            "type": "star",
            "value_blend": 0.5
        },
        {
            "brightness": 1.0,
            "color_blend": 0.4000000059604645,
            "color_fade": 0.18000000715255737,
            "color_threshold": 0.0,
            "envelope": 0.4000000059604645,
            "intensity_modifier": 3.5,
            "kernel_side": 5,
            "kernel_sigma": 1.0,
            "min_level": 0.009999999776482582,
            "mirror": false,
            "palette_modifier": 0.029999999329447746,
            "skewness": false,
            "snap": 5,
            "type": "star",
            "value_blend": 0.5
        },
        {
            "brightness": 1.0,
            "color_blend": 0.4000000059604645,
            "color_fade": 0.18000000715255737,
            "color_threshold": 0.0,
            "envelope": 0.4000000059604645,
            "intensity_modifier": 3.5,
            "kernel_side": 5,
            "kernel_sigma": 1.0,
            "min_level": 0.009999999776482582,
            "mirror": false,
            "palette_modifier": 0.029999999329447746,
            "skewness": false,
            "snap": 5,
            "type": "star",
            "value_blend": 0.5
        }
    ]
}