{
    "modules": {
        "filter_bank": {
            "filters": 100,
            "high_freq": 10000.0,
            "low_freq": 40.0,
            "power": 1.2999999523162842
        },
        "onset": {
            "method": "default",
            "min_interval": 160.0,
            "silence": -20.0,
            "threshold": 0.30000001192092896
        },
        "pitch": {
            "method": "default"
        },
        "tempo": {
            "beat_threshold": -15.0,
            "silence": -15.0,
            "skewness_threshold": 2.0,
            "threshold": 0.30000001192092896
        }
    },
    "sequencers": [{
            "brightness": 1.0,
            "color_blend": 1.0,
            "color_fade": 0.210999995470047,
            "color_threshold": 0.0,
            "envelope": 0.6740000247955322,
            "intensity_modifier": 15.208999633789063,
            "kernel_side": 3,
            "kernel_sigma": 8.519000053405762,
            "min_level": 0.013000000268220901,
            "palette_modifier": 0.014000000432133675,
            "snap": 1,
            "type": "star"
        },
        {
            "brightness": 1.0,
            "color_blend": 1.0,
            "color_fade": 0.210999995470047,
            "color_threshold": 0.0,
            "envelope": 0.6740000247955322,
            "intensity_modifier": 15.208999633789063,
            "kernel_side": 3,
            "kernel_sigma": 8.519000053405762,
            "min_level": 0.013000000268220901,
            "palette_modifier": 0.014000000432133675,
            "snap": 1,
            "type": "star"
        },
        {
            "brightness": 1.0,
            "color_blend": 1.0,
            "color_fade": 0.210999995470047,
            "color_threshold": 0.0,
            "envelope": 0.6740000247955322,
            "intensity_modifier": 15.208999633789063,
            "kernel_side": 3,
            "kernel_sigma": 8.519000053405762,
            "min_level": 0.013000000268220901,
            "palette_modifier": 0.014000000432133675,
            "snap": 1,
            "type": "star"
        },
        {
            "brightness": 1.0,
            "color_blend": 1.0,
            "color_fade": 0.210999995470047,
            "color_threshold": 0.0,
            "envelope": 0.6740000247955322,
            "intensity_modifier": 15.208999633789063,
            "kernel_side": 3,
            "kernel_sigma": 8.519000053405762,
            "min_level": 0.013000000268220901,
            "palette_modifier": 0.014000000432133675,
            "snap": 1,
            "type": "star"
        }
    ]
}
