{
    "modules": {
        "filter_bank": {
            "filters": 100,
            "high_freq": 10000.0,
            "low_freq": 40.0,
            "power": 1.2999999523162842
        },
        "onset": {
            "method": "default",
            "min_interval": 160.0,
            "silence": -20.0,
            "threshold": 0.30000001192092896
        },
        "pitch": {
            "method": "default"
        },
        "tempo": {
            "beat_threshold": -15.0,
            "silence": -15.0,
            "skewness_threshold": 2.0,
            "threshold": 0.30000001192092896
        }
    },
    "sequencers": [
        {
            "brightness": 1.0,
            "color_blend": 0.9940000176429749,
            "color_fade": 0.14399999380111694,
            "color_threshold": 0.0,
            "envelope": 0.871999979019165,
            "intensity_modifier": 6.419000148773193,
            "kernel_side": 6,
            "kernel_sigma": 4.85699987411499,
            "min_level": 0.004000000189989805,
            "palette_modifier": 0.01600000075995922,
            "snap": 5,
            "type": "star"
        }
    ]
}