{
    "modules": {
        "filter": {
            "active": false,
            "frequency_center": 200.0,
            "gain": 0.0,
            "q_intensity": 0.30000001192092896,
            "type": "low_pass"
        },
        "filter_bank": {
            "filters": 100,
            "high_freq": 10000.0,
            "low_freq": 40.0,
            "power": 1.2999999523162842
        },
        "onset": {
            "method": "default",
            "min_interval": 160.0,
            "silence": -20.0,
            "threshold": 0.30000001192092896
        },
        "pitch": {
            "method": "default"
        },
        "tempo": {
            "beat_threshold": -15.0,
            "silence": -15.0,
            "skewness_threshold": 2.0,
            "threshold": 0.30000001192092896
        }
    },
    "sequencers": [
        {
            "brightness": 0.9856815338134766,
            "color_blend": 0.9470000267028809,
            "color_fade": 0.12099999934434891,
            "color_threshold": 0.10100000351667404,
            "envelope": 0.9200000166893005,
            "intensity_modifier": 16.156999588012695,
            "kernel_side": 3,
            "kernel_sigma": 0.3319999873638153,
            "min_level": 0.014000000432133675,
            "palette_modifier": 0.020999999716877937,
            "snap": 1,
            "type": "star"
        },
        {
            "brightness": 0.9856815338134766,
            "color_blend": 0.9470000267028809,
            "color_fade": 0.12099999934434891,
            "color_threshold": 0.10100000351667404,
            "envelope": 0.9200000166893005,
            "intensity_modifier": 16.156999588012695,
            "kernel_side": 3,
            "kernel_sigma": 0.3319999873638153,
            "min_level": 0.014000000432133675,
            "palette_modifier": 0.020999999716877937,
            "snap": 1,
            "type": "star"
        },
        {
            "brightness": 0.9856815338134766,
            "color_blend": 0.9470000267028809,
            "color_fade": 0.12099999934434891,
            "color_threshold": 0.10100000351667404,
            "envelope": 0.9200000166893005,
            "intensity_modifier": 16.156999588012695,
            "kernel_side": 3,
            "kernel_sigma": 0.3319999873638153,
            "min_level": 0.014000000432133675,
            "palette_modifier": 0.020999999716877937,
            "snap": 1,
            "type": "star"
        },
        {
            "brightness": 0.9856815338134766,
            "color_blend": 0.9470000267028809,
            "color_fade": 0.12099999934434891,
            "color_threshold": 0.10100000351667404,
            "envelope": 0.9200000166893005,
            "intensity_modifier": 16.156999588012695,
            "kernel_side": 3,
            "kernel_sigma": 0.3319999873638153,
            "min_level": 0.014000000432133675,
            "palette_modifier": 0.020999999716877937,
            "snap": 1,
            "type": "star"
        }
    ]
}