{
    "modules": {
        "band_peak": {
            "bass_threshold": 180.0,
            "mid_threshold": 300.0,
            "timeout": 300,
            "treble_threshold": 200.0
        },
        "filter": {
            "active": false,
            "frequency_center": 200.0,
            "gain": 0.0,
            "q_intensity": 0.30000001192092896,
            "type": "low_pass"
        },
        "filter_bank": {
            "filters": 100,
            "high_freq": 10000.0,
            "low_freq": 40.0,
            "power": 1.2999999523162842
        },
        "onset": {
            "adaptive_whitening": false,
            "method": "default",
            "min_interval": 160.0,
            "silence": -20.0,
            "threshold": 0.30000001192092896
        },
        "pitch": {
            "method": "default"
        },
        "tempo": {
            "beat_threshold": -15.0,
            "silence": -15.0,
            "skewness_threshold": 2.0,
            "threshold": 0.30000001192092896
        }
    },
    "sequencers": [
        {
            "brightness": 1.0,
            "color_blend": 1.0,
            "color_fade": 0.6489999890327454,
            "color_threshold": 0.0,
            "envelope": 1.1859999895095825,
            "intensity_modifier": 15.779999732971191,
            "kernel_side": 30,
            "kernel_sigma": 9.972999572753906,
            "min_level": 0.2529999911785126,
            "mirror": false,
            "palette_modifier": 0.012000000104308128,
            "skewness": false,
            "snap": 1,
            "type": "star",
            "value_blend": 0.32600000500679016
        },
        {
            "brightness": 1.0,
            "color_blend": 1.0,
            "color_fade": 0.6489999890327454,
            "color_threshold": 0.0,
            "envelope": 1.1859999895095825,
            "intensity_modifier": 15.779999732971191,
            "kernel_side": 30,
            "kernel_sigma": 9.972999572753906,
            "min_level": 0.2529999911785126,
            "mirror": false,
            "palette_modifier": 0.012000000104308128,
            "skewness": false,
            "snap": 1,
            "type": "star",
            "value_blend": 0.32600000500679016
        },
        {
            "brightness": 1.0,
            "color_blend": 1.0,
            "color_fade": 0.6489999890327454,
            "color_threshold": 0.0,
            "envelope": 1.1859999895095825,
            "intensity_modifier": 15.779999732971191,
            "kernel_side": 30,
            "kernel_sigma": 9.972999572753906,
            "min_level": 0.2529999911785126,
            "mirror": false,
            "palette_modifier": 0.012000000104308128,
            "skewness": false,
            "snap": 1,
            "type": "star",
            "value_blend": 0.32600000500679016
        },
        {
            "brightness": 1.0,
            "color_blend": 1.0,
            "color_fade": 0.6489999890327454,
            "color_threshold": 0.0,
            "envelope": 1.1859999895095825,
            "intensity_modifier": 15.779999732971191,
            "kernel_side": 30,
            "kernel_sigma": 9.972999572753906,
            "min_level": 0.2529999911785126,
            "mirror": false,
            "palette_modifier": 0.012000000104308128,
            "skewness": false,
            "snap": 1,
            "type": "star",
            "value_blend": 0.32600000500679016
        },
        {
            "brightness": 1.0,
            "color_blend": 1.0,
            "color_fade": 0.6489999890327454,
            "color_threshold": 0.0,
            "envelope": 1.1859999895095825,
            "intensity_modifier": 15.779999732971191,
            "kernel_side": 30,
            "kernel_sigma": 9.972999572753906,
            "min_level": 0.2529999911785126,
            "mirror": false,
            "palette_modifier": 0.012000000104308128,
            "skewness": false,
            "snap": 1,
            "type": "star",
            "value_blend": 0.32600000500679016
        }
    ]
}