{
    "sequencers": [
        {
            "brightness": 1.0,
            "color_blend": 1.0,
            "color_fade": 0.5740000009536743,
            "color_fade_energy": 0.24699999392032623,
            "color_threshold": 0.0,
            "envelope": 0.4269999861717224,
            "hfc_flicker": 0.17100000381469727,
            "intensity_modifier": 8.052000045776367,
            "kernel_side": 21,
            "kernel_sigma": 22.06599998474121,
            "min_level": 0.07199999690055847,
            "mirror": false,
            "palette_energy_modifier": 3.4059998989105225,
            "palette_modifier": 1.8539999723434448,
            "position_modifier": 3.3459999561309814,
            "skewness": true,
            "snap": 1,
            "type": "star",
            "value_blend": 0.12200000137090683
        },
        {
            "brightness": 1.0,
            "color_blend": 1.0,
            "color_fade": 0.5740000009536743,
            "color_fade_energy": 0.24699999392032623,
            "color_threshold": 0.0,
            "envelope": 0.4269999861717224,
            "hfc_flicker": 0.17100000381469727,
            "intensity_modifier": 8.052000045776367,
            "kernel_side": 21,
            "kernel_sigma": 22.06599998474121,
            "min_level": 0.07199999690055847,
            "mirror": false,
            "palette_energy_modifier": 3.4059998989105225,
            "palette_modifier": 1.8539999723434448,
            "position_modifier": 3.3459999561309814,
            "skewness": true,
            "snap": 1,
            "type": "star",
            "value_blend": 0.12200000137090683
        },
        {
            "brightness": 1.0,
            "color_blend": 1.0,
            "color_fade": 0.5740000009536743,
            "color_fade_energy": 0.24699999392032623,
            "color_threshold": 0.0,
            "envelope": 0.4269999861717224,
            "hfc_flicker": 0.17100000381469727,
            "intensity_modifier": 8.052000045776367,
            "kernel_side": 21,
            "kernel_sigma": 22.06599998474121,
            "min_level": 0.07199999690055847,
            "mirror": false,
            "palette_energy_modifier": 3.4059998989105225,
            "palette_modifier": 1.8539999723434448,
            "position_modifier": 3.3459999561309814,
            "skewness": true,
            "snap": 1,
            "type": "star",
            "value_blend": 0.12200000137090683
        },
        {
            "brightness": 1.0,
            "color_blend": 1.0,
            "color_fade": 0.5740000009536743,
            "color_fade_energy": 0.24699999392032623,
            "color_threshold": 0.0,
            "envelope": 0.4269999861717224,
            "hfc_flicker": 0.17100000381469727,
            "intensity_modifier": 8.052000045776367,
            "kernel_side": 21,
            "kernel_sigma": 22.06599998474121,
            "min_level": 0.07199999690055847,
            "mirror": false,
            "palette_energy_modifier": 3.4059998989105225,
            "palette_modifier": 1.8539999723434448,
            "position_modifier": 3.3459999561309814,
            "skewness": true,
            "snap": 1,
            "type": "star",
            "value_blend": 0.12200000137090683
        },
        {
            "brightness": 1.0,
            "color_blend": 1.0,
            "color_fade": 0.5740000009536743,
            "color_fade_energy": 0.24699999392032623,
            "color_threshold": 0.0,
            "envelope": 0.4269999861717224,
            "hfc_flicker": 0.17100000381469727,
            "intensity_modifier": 8.052000045776367,
            "kernel_side": 21,
            "kernel_sigma": 22.06599998474121,
            "min_level": 0.07199999690055847,
            "mirror": false,
            "palette_energy_modifier": 3.4059998989105225,
            "palette_modifier": 1.8539999723434448,
            "position_modifier": 3.3459999561309814,
            "skewness": true,
            "snap": 1,
            "type": "star",
            "value_blend": 0.12200000137090683
        },
        {
            "brightness": 1.0,
            "color_blend": 1.0,
            "color_fade": 0.5740000009536743,
            "color_fade_energy": 0.24699999392032623,
            "color_threshold": 0.0,
            "envelope": 0.4269999861717224,
            "hfc_flicker": 0.17100000381469727,
            "intensity_modifier": 8.052000045776367,
            "kernel_side": 21,
            "kernel_sigma": 22.06599998474121,
            "min_level": 0.07199999690055847,
            "mirror": false,
            "palette_energy_modifier": 3.4059998989105225,
            "palette_modifier": 1.8539999723434448,
            "position_modifier": 3.3459999561309814,
            "skewness": true,
            "snap": 1,
            "type": "star",
            "value_blend": 0.12200000137090683
        }
    ]
}