{
    "modules": {
        "band_peak": {
            "bass_threshold": 180.0,
            "mid_threshold": 300.0,
            "timeout": 300,
            "treble_threshold": 200.0
        },
        "filter": {
            "active": false,
            "frequency_center": 200.0,
            "gain": 0.0,
            "q_intensity": 0.30000001192092896,
            "type": "low_pass"
        },
        "filter_bank": {
            "filters": 100,
            "high_freq": 10000.0,
            "low_freq": 40.0,
            "power": 1.2999999523162842
        },
        "onset": {
            "adaptive_whitening": false,
            "method": "default",
            "min_interval": 160.0,
            "silence": -20.0,
            "threshold": 0.30000001192092896
        },
        "pitch": {
            "method": "default"
        },
        "tempo": {
            "beat_threshold": -15.0,
            "silence": -15.0,
            "skewness_threshold": 2.0,
            "threshold": 0.30000001192092896
        }
    },
    "sequencers": [
        {
            "brightness": 1.0,
            "color_blend": 0.5320000052452087,
            "color_fade": 0.1860000044107437,
            "color_threshold": 0.0,
            "envelope": 1.687000036239624,
            "intensity_modifier": 9.819999694824219,
            "kernel_side": 27,
            "kernel_sigma": 25.792999267578125,
            "min_level": 0.009999999776482582,
            "mirror": false,
            "palette_modifier": 0.023000000044703484,
            "skewness": false,
            "snap": 1,
            "type": "star",
            "value_blend": 0.4959999918937683
        },
        {
            "brightness": 1.0,
            "color_blend": 0.5320000052452087,
            "color_fade": 0.40799999237060547,
            "color_threshold": 0.0,
            "envelope": 1.687000036239624,
            "intensity_modifier": 9.819999694824219,
            "kernel_side": 27,
            "kernel_sigma": 25.792999267578125,
            "min_level": 0.009999999776482582,
            "mirror": false,
            "palette_modifier": 0.023000000044703484,
            "skewness": false,
            "snap": 1,
            "type": "star",
            "value_blend": 0.07599999755620956
        },
        {
            "brightness": 1.0,
            "color_blend": 0.5320000052452087,
            "color_fade": 0.10999999940395355,
            "color_threshold": 0.0,
            "envelope": 1.687000036239624,
            "intensity_modifier": 9.819999694824219,
            "kernel_side": 27,
            "kernel_sigma": 25.792999267578125,
            "min_level": 0.009999999776482582,
            "mirror": false,
            "palette_modifier": 0.023000000044703484,
            "skewness": false,
            "snap": 1,
            "type": "star",
            "value_blend": 0.4749999940395355
        },
        {
            "brightness": 1.0,
            "color_blend": 0.5320000052452087,
            "color_fade": 0.40799999237060547,
            "color_threshold": 0.0,
            "envelope": 1.687000036239624,
            "intensity_modifier": 9.819999694824219,
            "kernel_side": 27,
            "kernel_sigma": 25.792999267578125,
            "min_level": 0.009999999776482582,
            "mirror": false,
            "palette_modifier": 0.023000000044703484,
            "skewness": false,
            "snap": 1,
            "type": "star",
            "value_blend": 0.07599999755620956
        },
        {
            "brightness": 1.0,
            "color_blend": 0.5320000052452087,
            "color_fade": 0.40799999237060547,
            "color_threshold": 0.0,
            "envelope": 1.687000036239624,
            "intensity_modifier": 9.819999694824219,
            "kernel_side": 27,
            "kernel_sigma": 25.792999267578125,
            "min_level": 0.009999999776482582,
            "mirror": false,
            "palette_modifier": 0.023000000044703484,
            "skewness": false,
            "snap": 1,
            "type": "star",
            "value_blend": 0.07599999755620956
        }
    ]
}