{
    "modules": {
        "band_peak": {
            "bass_threshold": 180.0,
            "mid_threshold": 300.0,
            "timeout": 300,
            "treble_threshold": 200.0
        },
        "filter": {
            "active": false,
            "frequency_center": 200.0,
            "gain": 0.0,
            "q_intensity": 0.30000001192092896,
            "type": "low_pass"
        },
        "filter_bank": {
            "filters": 100,
            "high_freq": 10000.0,
            "low_freq": 40.0,
            "power": 1.2999999523162842
        },
        "onset": {
            "adaptive_whitening": false,
            "method": "default",
            "min_interval": 160.0,
            "silence": -20.0,
            "threshold": 0.30000001192092896
        },
        "pitch": {
            "method": "default"
        },
        "tempo": {
            "beat_threshold": -15.0,
            "silence": -15.0,
            "skewness_threshold": 2.0,
            "threshold": 0.30000001192092896
        }
    },
    "sequencers": [
        {
            "brightness": 1.0,
            "color_blend": 0.7509999871253967,
            "color_fade": 0.41499999165534973,
            "color_threshold": 0.06599999964237213,
            "envelope": 3.015000104904175,
            "intensity_modifier": 30.0,
            "kernel_side": 18,
            "kernel_sigma": 29.538000106811523,
            "min_level": 0.3179999887943268,
            "mirror": true,
            "palette_modifier": 0.00800000037997961,
            "skewness": true,
            "snap": 1,
            "type": "star",
            "value_blend": 0.3109999895095825
        },
        {
            "brightness": 1.0,
            "color_blend": 0.7509999871253967,
            "color_fade": 0.41499999165534973,
            "color_threshold": 0.06599999964237213,
            "envelope": 3.015000104904175,
            "intensity_modifier": 30.0,
            "kernel_side": 18,
            "kernel_sigma": 29.538000106811523,
            "min_level": 0.3179999887943268,
            "mirror": true,
            "palette_modifier": 0.00800000037997961,
            "skewness": true,
            "snap": 1,
            "type": "star",
            "value_blend": 0.3109999895095825
        },
        {
            "brightness": 1.0,
            "color_blend": 0.7509999871253967,
            "color_fade": 0.41499999165534973,
            "color_threshold": 0.06599999964237213,
            "envelope": 3.015000104904175,
            "intensity_modifier": 30.0,
            "kernel_side": 18,
            "kernel_sigma": 29.538000106811523,
            "min_level": 0.3179999887943268,
            "mirror": true,
            "palette_modifier": 0.00800000037997961,
            "skewness": true,
            "snap": 1,
            "type": "star",
            "value_blend": 0.3109999895095825
        },
        {
            "brightness": 1.0,
            "color_blend": 0.7509999871253967,
            "color_fade": 0.41499999165534973,
            "color_threshold": 0.06599999964237213,
            "envelope": 3.015000104904175,
            "intensity_modifier": 30.0,
            "kernel_side": 18,
            "kernel_sigma": 29.538000106811523,
            "min_level": 0.3179999887943268,
            "mirror": true,
            "palette_modifier": 0.00800000037997961,
            "skewness": true,
            "snap": 1,
            "type": "star",
            "value_blend": 0.3109999895095825
        },
        {
            "brightness": 1.0,
            "color_blend": 0.7509999871253967,
            "color_fade": 0.41499999165534973,
            "color_threshold": 0.06599999964237213,
            "envelope": 3.015000104904175,
            "intensity_modifier": 30.0,
            "kernel_side": 18,
            "kernel_sigma": 29.538000106811523,
            "min_level": 0.3179999887943268,
            "mirror": true,
            "palette_modifier": 0.00800000037997961,
            "skewness": true,
            "snap": 1,
            "type": "star",
            "value_blend": 0.3109999895095825
        }
    ]
}