{
    "sequencers": [
        {
            "brightness": 1.0,
            "color_blend": 0.8640000224113464,
            "color_fade": 0.17299999296665192,
            "color_fade_energy": 0.0,
            "color_threshold": 0.0,
            "envelope": 1.3899999856948853,
            "hfc_flicker": 0.382999986410141,
            "intensity_modifier": 7.005000114440918,
            "kernel_side": 16,
            "kernel_sigma": 16.326000213623047,
            "min_level": 0.6970000267028809,
            "mirror": true,
            "palette_energy_modifier": 2.624000072479248,
            "palette_modifier": 0.029999999329447746,
            "position_modifier": 0.009999999776482582,
            "skewness": true,
            "snap": 1,
            "type": "star",
            "value_blend": 0.34299999475479126
        },
        {
            "brightness": 1.0,
            "color_blend": 0.8640000224113464,
            "color_fade": 0.17299999296665192,
            "color_fade_energy": 0.0,
            "color_threshold": 0.0,
            "envelope": 1.3899999856948853,
            "hfc_flicker": 0.382999986410141,
            "intensity_modifier": 7.005000114440918,
            "kernel_side": 16,
            "kernel_sigma": 16.326000213623047,
            "min_level": 0.6759999990463257,
            "mirror": true,
            "palette_energy_modifier": 2.624000072479248,
            "palette_modifier": 0.029999999329447746,
            "position_modifier": 0.009999999776482582,
            "skewness": true,
            "snap": 1,
            "type": "star",
            "value_blend": 0.035999998450279236
        },
        {
            "brightness": 1.0,
            "color_blend": 0.8640000224113464,
            "color_fade": 0.17299999296665192,
            "color_fade_energy": 0.0,
            "color_threshold": 0.0,
            "envelope": 1.3899999856948853,
            "hfc_flicker": 0.382999986410141,
            "intensity_modifier": 7.005000114440918,
            "kernel_side": 16,
            "kernel_sigma": 16.326000213623047,
            "min_level": 0.06499999761581421,
            "mirror": true,
            "palette_energy_modifier": 2.624000072479248,
            "palette_modifier": 0.029999999329447746,
            "position_modifier": 0.009999999776482582,
            "skewness": true,
            "snap": 1,
            "type": "star",
            "value_blend": 0.035999998450279236
        },
        {
            "brightness": 1.0,
            "color_blend": 0.8640000224113464,
            "color_fade": 0.17299999296665192,
            "color_fade_energy": 0.0,
            "color_threshold": 0.0,
            "envelope": 1.3899999856948853,
            "hfc_flicker": 0.382999986410141,
            "intensity_modifier": 7.005000114440918,
            "kernel_side": 16,
            "kernel_sigma": 16.326000213623047,
            "min_level": 0.06499999761581421,
            "mirror": true,
            "palette_energy_modifier": 2.624000072479248,
            "palette_modifier": 0.029999999329447746,
            "position_modifier": 0.009999999776482582,
            "skewness": true,
            "snap": 1,
            "type": "star",
            "value_blend": 0.035999998450279236
        },
        {
            "brightness": 1.0,
            "color_blend": 0.8640000224113464,
            "color_fade": 0.17299999296665192,
            "color_fade_energy": 0.0,
            "color_threshold": 0.0,
            "envelope": 1.3899999856948853,
            "hfc_flicker": 0.382999986410141,
            "intensity_modifier": 7.005000114440918,
            "kernel_side": 16,
            "kernel_sigma": 16.326000213623047,
            "min_level": 0.06499999761581421,
            "mirror": true,
            "palette_energy_modifier": 2.624000072479248,
            "palette_modifier": 0.029999999329447746,
            "position_modifier": 0.009999999776482582,
            "skewness": true,
            "snap": 1,
            "type": "star",
            "value_blend": 0.035999998450279236
        },
        {
            "brightness": 1.0,
            "color_blend": 0.8640000224113464,
            "color_fade": 0.17299999296665192,
            "color_fade_energy": 0.0,
            "color_threshold": 0.0,
            "envelope": 1.3899999856948853,
            "hfc_flicker": 0.382999986410141,
            "intensity_modifier": 7.005000114440918,
            "kernel_side": 16,
            "kernel_sigma": 16.326000213623047,
            "min_level": 0.06499999761581421,
            "mirror": true,
            "palette_energy_modifier": 2.624000072479248,
            "palette_modifier": 0.029999999329447746,
            "position_modifier": 0.009999999776482582,
            "skewness": true,
            "snap": 1,
            "type": "star",
            "value_blend": 0.035999998450279236
        }
    ]
}