{
    "sequencers": [
        {
            "brightness": 1.0,
            "color_blend": 0.9229999780654907,
            "color_fade": 0.26499998569488525,
            "color_fade_energy": 0.24699999392032623,
            "color_threshold": 0.0,
            "envelope": 3.015000104904175,
            "hfc_flicker": 0.8820000290870667,
            "intensity_modifier": 12.241000175476074,
            "kernel_side": 10,
            "kernel_sigma": 2.680999994277954,
            "min_level": 0.08399999886751175,
            "mirror": true,
            "palette_energy_modifier": 2.7799999713897705,
            "palette_modifier": 0.3610000014305115,
            "skewness": true,
            "snap": 1,
            "type": "star",
            "value_blend": 0.5740000009536743
        },
        {
            "brightness": 1.0,
            "color_blend": 0.9229999780654907,
            "color_fade": 0.26499998569488525,
            "color_fade_energy": 0.24699999392032623,
            "color_threshold": 0.0,
            "envelope": 3.015000104904175,
            "hfc_flicker": 0.8820000290870667,
            "intensity_modifier": 12.241000175476074,
            "kernel_side": 10,
            "kernel_sigma": 2.680999994277954,
            "min_level": 0.08399999886751175,
            "mirror": true,
            "palette_energy_modifier": 2.7799999713897705,
            "palette_modifier": 0.3610000014305115,
            "skewness": true,
            "snap": 1,
            "type": "star",
            "value_blend": 0.5740000009536743
        },
        {
            "brightness": 1.0,
            "color_blend": 0.9229999780654907,
            "color_fade": 0.26499998569488525,
            "color_fade_energy": 0.24699999392032623,
            "color_threshold": 0.0,
            "envelope": 3.015000104904175,
            "hfc_flicker": 0.8820000290870667,
            "intensity_modifier": 12.241000175476074,
            "kernel_side": 10,
            "kernel_sigma": 2.680999994277954,
            "min_level": 0.08399999886751175,
            "mirror": true,
            "palette_energy_modifier": 2.7799999713897705,
            "palette_modifier": 0.3610000014305115,
            "skewness": true,
            "snap": 1,
            "type": "star",
            "value_blend": 0.5740000009536743
        },
        {
            "brightness": 1.0,
            "color_blend": 0.9229999780654907,
            "color_fade": 0.26499998569488525,
            "color_fade_energy": 0.24699999392032623,
            "color_threshold": 0.0,
            "envelope": 3.015000104904175,
            "hfc_flicker": 0.8820000290870667,
            "intensity_modifier": 12.241000175476074,
            "kernel_side": 10,
            "kernel_sigma": 2.680999994277954,
            "min_level": 0.08399999886751175,
            "mirror": true,
            "palette_energy_modifier": 2.7799999713897705,
            "palette_modifier": 0.3610000014305115,
            "skewness": true,
            "snap": 1,
            "type": "star",
            "value_blend": 0.5740000009536743
        },
        {
            "brightness": 1.0,
            "color_blend": 0.9229999780654907,
            "color_fade": 0.26499998569488525,
            "color_fade_energy": 0.24699999392032623,
            "color_threshold": 0.0,
            "envelope": 3.015000104904175,
            "hfc_flicker": 0.8820000290870667,
            "intensity_modifier": 12.241000175476074,
            "kernel_side": 10,
            "kernel_sigma": 2.680999994277954,
            "min_level": 0.08399999886751175,
            "mirror": true,
            "palette_energy_modifier": 2.7799999713897705,
            "palette_modifier": 0.3610000014305115,
            "skewness": true,
            "snap": 1,
            "type": "star",
            "value_blend": 0.5740000009536743
        },
        {
            "brightness": 1.0,
            "color_blend": 0.9229999780654907,
            "color_fade": 0.26499998569488525,
            "color_fade_energy": 0.24699999392032623,
            "color_threshold": 0.0,
            "envelope": 3.015000104904175,
            "hfc_flicker": 0.8820000290870667,
            "intensity_modifier": 12.241000175476074,
            "kernel_side": 10,
            "kernel_sigma": 2.680999994277954,
            "min_level": 0.08399999886751175,
            "mirror": true,
            "palette_energy_modifier": 2.7799999713897705,
            "palette_modifier": 0.3610000014305115,
            "skewness": true,
            "snap": 1,
            "type": "star",
            "value_blend": 0.5740000009536743
        }
    ]
}