{
    "sequencers": [
        {
            "brightness": 1.0,
            "color_blend": 1.0,
            "color_fade": 0.12700000405311584,
            "color_fade_energy": 0.2549999952316284,
            "color_threshold": 0.0,
            "envelope": 0.4269999861717224,
            "hfc_flicker": 1.0,
            "intensity_modifier": 27.77400016784668,
            "kernel_side": 18,
            "kernel_sigma": 2.421999931335449,
            "min_level": 0.07199999690055847,
            "mirror": false,
            "palette_energy_modifier": 3.4059998989105225,
            "palette_modifier": 1.093000054359436,
            "position_modifier": 3.500999927520752,
            "skewness": false,
            "snap": 1,
            "type": "star",
            "value_blend": 0.17000000178813934
        },
        {
            "brightness": 1.0,
            "color_blend": 1.0,
            "color_fade": 0.12700000405311584,
            "color_fade_energy": 0.2549999952316284,
            "color_threshold": 0.0,
            "envelope": 0.4269999861717224,
            "hfc_flicker": 1.0,
            "intensity_modifier": 27.77400016784668,
            "kernel_side": 18,
            "kernel_sigma": 2.421999931335449,
            "min_level": 0.07199999690055847,
            "mirror": false,
            "palette_energy_modifier": 3.4059998989105225,
            "palette_modifier": 1.093000054359436,
            "position_modifier": 3.500999927520752,
            "skewness": false,
            "snap": 1,
            "type": "star",
            "value_blend": 0.17000000178813934
        },
        {
            "brightness": 1.0,
            "color_blend": 1.0,
            "color_fade": 0.12700000405311584,
            "color_fade_energy": 0.2549999952316284,
            "color_threshold": 0.0,
            "envelope": 0.4269999861717224,
            "hfc_flicker": 1.0,
            "intensity_modifier": 27.77400016784668,
            "kernel_side": 18,
            "kernel_sigma": 2.421999931335449,
            "min_level": 0.07199999690055847,
            "mirror": false,
            "palette_energy_modifier": 3.4059998989105225,
            "palette_modifier": 1.093000054359436,
            "position_modifier": 3.500999927520752,
            "skewness": false,
            "snap": 1,
            "type": "star",
            "value_blend": 0.17000000178813934
        },
        {
            "brightness": 1.0,
            "color_blend": 1.0,
            "color_fade": 0.12700000405311584,
            "color_fade_energy": 0.2549999952316284,
            "color_threshold": 0.0,
            "envelope": 0.4269999861717224,
            "hfc_flicker": 1.0,
            "intensity_modifier": 27.77400016784668,
            "kernel_side": 18,
            "kernel_sigma": 2.421999931335449,
            "min_level": 0.07199999690055847,
            "mirror": false,
            "palette_energy_modifier": 3.4059998989105225,
            "palette_modifier": 1.093000054359436,
            "position_modifier": 3.500999927520752,
            "skewness": false,
            "snap": 1,
            "type": "star",
            "value_blend": 0.17000000178813934
        },
        {
            "brightness": 1.0,
            "color_blend": 1.0,
            "color_fade": 0.12700000405311584,
            "color_fade_energy": 0.2549999952316284,
            "color_threshold": 0.0,
            "envelope": 0.4269999861717224,
            "hfc_flicker": 1.0,
            "intensity_modifier": 27.77400016784668,
            "kernel_side": 18,
            "kernel_sigma": 2.421999931335449,
            "min_level": 0.07199999690055847,
            "mirror": false,
            "palette_energy_modifier": 3.4059998989105225,
            "palette_modifier": 1.093000054359436,
            "position_modifier": 3.500999927520752,
            "skewness": false,
            "snap": 1,
            "type": "star",
            "value_blend": 0.17000000178813934
        },
        {
            "brightness": 1.0,
            "color_blend": 1.0,
            "color_fade": 0.12700000405311584,
            "color_fade_energy": 0.2549999952316284,
            "color_threshold": 0.0,
            "envelope": 0.4269999861717224,
            "hfc_flicker": 1.0,
            "intensity_modifier": 27.77400016784668,
            "kernel_side": 18,
            "kernel_sigma": 2.421999931335449,
            "min_level": 0.07199999690055847,
            "mirror": false,
            "palette_energy_modifier": 3.4059998989105225,
            "palette_modifier": 1.093000054359436,
            "position_modifier": 3.500999927520752,
            "skewness": false,
            "snap": 1,
            "type": "star",
            "value_blend": 0.17000000178813934
        }
    ]
}