{
    "modules": {
        "band_peak": {
            "bass_threshold": 180.0,
            "mid_threshold": 300.0,
            "timeout": 300,
            "treble_threshold": 200.0
        },
        "filter": {
            "active": false,
            "frequency_center": 200.0,
            "gain": 0.0,
            "q_intensity": 0.30000001192092896,
            "type": "low_pass"
        },
        "filter_bank": {
            "filters": 100,
            "high_freq": 10000.0,
            "low_freq": 40.0,
            "power": 1.2999999523162842
        },
        "onset": {
            "adaptive_whitening": false,
            "method": "default",
            "min_interval": 160.0,
            "silence": -20.0,
            "threshold": 0.30000001192092896
        },
        "pitch": {
            "method": "default"
        },
        "tempo": {
            "beat_threshold": -15.0,
            "silence": -15.0,
            "skewness_threshold": 2.0,
            "threshold": 0.30000001192092896
        }
    },
    "sequencers": [
        {
            "brightness": 1.0,
            "color_blend": 1.0,
            "color_fade": 0.2849999964237213,
            "color_threshold": 0.0,
            "envelope": 1.3899999856948853,
            "intensity_modifier": 7.005000114440918,
            "kernel_side": 8,
            "kernel_sigma": 6.831999778747559,
            "min_level": 0.21400000154972076,
            "mirror": true,
            "palette_modifier": 0.029999999329447746,
            "skewness": false,
            "snap": 1,
            "type": "star",
            "value_blend": 0.2800000011920929
        },
        {
            "brightness": 1.0,
            "color_blend": 1.0,
            "color_fade": 0.2849999964237213,
            "color_threshold": 0.0,
            "envelope": 1.3899999856948853,
            "intensity_modifier": 7.005000114440918,
            "kernel_side": 8,
            "kernel_sigma": 6.831999778747559,
            "min_level": 0.21400000154972076,
            "mirror": true,
            "palette_modifier": 0.029999999329447746,
            "skewness": false,
            "snap": 1,
            "type": "star",
            "value_blend": 0.2800000011920929
        },
        {
            "brightness": 1.0,
            "color_blend": 1.0,
            "color_fade": 0.2849999964237213,
            "color_threshold": 0.0,
            "envelope": 1.3899999856948853,
            "intensity_modifier": 7.005000114440918,
            "kernel_side": 16,
            "kernel_sigma": 24.12299919128418,
            "min_level": 0.21400000154972076,
            "mirror": false,
            "palette_modifier": 0.029999999329447746,
            "skewness": false,
            "snap": 1,
            "type": "star",
            "value_blend": 0.2800000011920929
        },
        {
            "brightness": 1.0,
            "color_blend": 1.0,
            "color_fade": 0.2849999964237213,
            "color_threshold": 0.0,
            "envelope": 1.3899999856948853,
            "intensity_modifier": 7.005000114440918,
            "kernel_side": 8,
            "kernel_sigma": 6.831999778747559,
            "min_level": 0.21400000154972076,
            "mirror": true,
            "palette_modifier": 0.029999999329447746,
            "skewness": false,
            "snap": 1,
            "type": "star",
            "value_blend": 0.2800000011920929
        },
        {
            "brightness": 1.0,
            "color_blend": 1.0,
            "color_fade": 0.2849999964237213,
            "color_threshold": 0.0,
            "envelope": 1.3899999856948853,
            "intensity_modifier": 7.005000114440918,
            "kernel_side": 8,
            "kernel_sigma": 6.831999778747559,
            "min_level": 0.21400000154972076,
            "mirror": true,
            "palette_modifier": 0.029999999329447746,
            "skewness": false,
            "snap": 1,
            "type": "star",
            "value_blend": 0.2800000011920929
        }
    ]
}