{
    "sequencers": [
        {
            "brightness": 1.0,
            "color_modifier": 0.15199999511241913,
            "direction": false,
            "level_blend": 0.8939999938011169,
            "method": "energy_normalized",
            "mirror": true,
            "multiplier": 0.6330000162124634,
            "octaves": 4,
            "palette_modifier": 0.39899998903274536,
            "persistence": 1.059000015258789,
            "position_amount": 0.0,
            "power": 0.5659999847412109,
            "scale": 1.0,
            "sin_offset": 1.0,
            "sin_power": 1.0,
            "type": "waves",
            "waviness": 0.2919999957084656,
            "wavinessTwo": 0.10000000149011612
        },
        {
            "brightness": 1.0,
            "color_modifier": 0.15199999511241913,
            "direction": false,
            "level_blend": 0.8939999938011169,
            "method": "energy_normalized",
            "mirror": true,
            "multiplier": 0.6330000162124634,
            "octaves": 4,
            "palette_modifier": 0.39899998903274536,
            "persistence": 1.059000015258789,
            "position_amount": 0.0,
            "power": 0.5659999847412109,
            "scale": 1.0,
            "sin_offset": 1.0,
            "sin_power": 1.0,
            "type": "waves",
            "waviness": 0.2919999957084656,
            "wavinessTwo": 0.10000000149011612
        },
        {
            "brightness": 1.0,
            "color_modifier": 0.15199999511241913,
            "direction": false,
            "level_blend": 0.8939999938011169,
            "method": "energy_normalized",
            "mirror": true,
            "multiplier": 0.6330000162124634,
            "octaves": 4,
            "palette_modifier": 0.39899998903274536,
            "persistence": 1.059000015258789,
            "position_amount": 0.0,
            "power": 0.5659999847412109,
            "scale": 1.0,
            "sin_offset": 1.0,
            "sin_power": 1.0,
            "type": "waves",
            "waviness": 0.2919999957084656,
            "wavinessTwo": 0.10000000149011612
        },
        {
            "brightness": 1.0,
            "color_modifier": 0.15199999511241913,
            "direction": false,
            "level_blend": 0.8939999938011169,
            "method": "energy_normalized",
            "mirror": true,
            "multiplier": 0.6330000162124634,
            "octaves": 4,
            "palette_modifier": 0.39899998903274536,
            "persistence": 1.059000015258789,
            "position_amount": 0.0,
            "power": 0.5659999847412109,
            "scale": 1.0,
            "sin_offset": 1.0,
            "sin_power": 1.0,
            "type": "waves",
            "waviness": 0.2919999957084656,
            "wavinessTwo": 0.10000000149011612
        },
        {
            "brightness": 1.0,
            "color_modifier": 0.15199999511241913,
            "direction": false,
            "level_blend": 0.8939999938011169,
            "method": "energy_normalized",
            "mirror": true,
            "multiplier": 0.6330000162124634,
            "octaves": 4,
            "palette_modifier": 0.39899998903274536,
            "persistence": 1.059000015258789,
            "position_amount": 0.0,
            "power": 0.5659999847412109,
            "scale": 1.0,
            "sin_offset": 1.0,
            "sin_power": 1.0,
            "type": "waves",
            "waviness": 0.2919999957084656,
            "wavinessTwo": 0.10000000149011612
        },
        {
            "brightness": 1.0,
            "color_modifier": 0.15199999511241913,
            "direction": false,
            "level_blend": 0.8939999938011169,
            "method": "energy_normalized",
            "mirror": true,
            "multiplier": 0.6330000162124634,
            "octaves": 4,
            "palette_modifier": 0.39899998903274536,
            "persistence": 1.059000015258789,
            "position_amount": 0.0,
            "power": 0.5659999847412109,
            "scale": 1.0,
            "sin_offset": 1.0,
            "sin_power": 1.0,
            "type": "waves",
            "waviness": 0.2919999957084656,
            "wavinessTwo": 0.10000000149011612
        }
    ]
}