{
    "sequencers": [
        {
            "brightness": 1.0,
            "color_modifier": 0.828000009059906,
            "direction": true,
            "level_blend": 0.7699999809265137,
            "method": "energy",
            "mirror": true,
            "multiplier": 0.2409999966621399,
            "octaves": 3,
            "palette_modifier": 0.5680000185966492,
            "persistence": 5.013999938964844,
            "position_amount": 0.0,
            "power": 0.9990000128746033,
            "scale": 0.0010000000474974513,
            "sin_offset": 0.9580000042915344,
            "sin_power": 1.2239999771118164,
            "type": "waves",
            "waviness": 0.026000000536441803,
            "wavinessTwo": 0.0
        },
        {
            "brightness": 1.0,
            "color_modifier": 0.828000009059906,
            "direction": true,
            "level_blend": 1.0,
            "method": "energy_normalized",
            "mirror": true,
            "multiplier": 0.0430000014603138,
            "octaves": 3,
            "palette_modifier": 0.5680000185966492,
            "persistence": 5.013999938964844,
            "position_amount": 0.027000000700354576,
            "power": 1.8559999465942383,
            "scale": 0.0010000000474974513,
            "sin_offset": 1.531999945640564,
            "sin_power": 0.8830000162124634,
            "type": "waves",
            "waviness": 0.2329999953508377,
            "wavinessTwo": 1.0
        },
        {
            "brightness": 1.0,
            "color_modifier": 0.828000009059906,
            "direction": true,
            "level_blend": 1.0,
            "method": "energy_normalized",
            "mirror": true,
            "multiplier": 0.0430000014603138,
            "octaves": 3,
            "palette_modifier": 0.5680000185966492,
            "persistence": 5.013999938964844,
            "position_amount": 0.027000000700354576,
            "power": 1.8559999465942383,
            "scale": 0.0010000000474974513,
            "sin_offset": 1.531999945640564,
            "sin_power": 0.8830000162124634,
            "type": "waves",
            "waviness": 0.2329999953508377,
            "wavinessTwo": 1.0
        },
        {
            "brightness": 1.0,
            "color_modifier": 0.828000009059906,
            "direction": true,
            "level_blend": 1.0,
            "method": "energy_normalized",
            "mirror": true,
            "multiplier": 0.0430000014603138,
            "octaves": 3,
            "palette_modifier": 0.5680000185966492,
            "persistence": 5.013999938964844,
            "position_amount": 0.027000000700354576,
            "power": 1.8559999465942383,
            "scale": 0.0010000000474974513,
            "sin_offset": 1.531999945640564,
            "sin_power": 0.8830000162124634,
            "type": "waves",
            "waviness": 0.2329999953508377,
            "wavinessTwo": 1.0
        },
        {
            "brightness": 1.0,
            "color_modifier": 0.828000009059906,
            "direction": true,
            "level_blend": 1.0,
            "method": "energy_normalized",
            "mirror": true,
            "multiplier": 0.0430000014603138,
            "octaves": 3,
            "palette_modifier": 0.5680000185966492,
            "persistence": 5.013999938964844,
            "position_amount": 0.027000000700354576,
            "power": 1.8559999465942383,
            "scale": 0.0010000000474974513,
            "sin_offset": 1.531999945640564,
            "sin_power": 0.8830000162124634,
            "type": "waves",
            "waviness": 0.2329999953508377,
            "wavinessTwo": 1.0
        },
        {
            "brightness": 1.0,
            "color_modifier": 0.828000009059906,
            "direction": true,
            "level_blend": 1.0,
            "method": "energy_normalized",
            "mirror": true,
            "multiplier": 0.0430000014603138,
            "octaves": 3,
            "palette_modifier": 0.5680000185966492,
            "persistence": 5.013999938964844,
            "position_amount": 0.027000000700354576,
            "power": 1.8559999465942383,
            "scale": 0.0010000000474974513,
            "sin_offset": 1.531999945640564,
            "sin_power": 0.8830000162124634,
            "type": "waves",
            "waviness": 0.2329999953508377,
            "wavinessTwo": 1.0
        }
    ]
}