{
    "sequencers": [
        {
            "brightness": 1.0,
            "color_modifier": 0.039000000804662704,
            "direction": true,
            "level_blend": 0.8759999871253967,
            "method": "energy",
            "mirror": true,
            "multiplier": 0.009999999776482582,
            "octaves": 6,
            "palette_modifier": 1.5049999952316284,
            "persistence": 0.6980000138282776,
            "position_amount": 0.039000000804662704,
            "power": 0.5180000066757202,
            "scale": 0.009999999776482582,
            "sin_offset": -0.23399999737739563,
            "sin_power": 0.5920000076293945,
            "type": "waves",
            "waviness": 0.03999999910593033,
            "wavinessTwo": 1.0
        },
        {
            "brightness": 1.0,
            "color_modifier": 0.039000000804662704,
            "direction": true,
            "level_blend": 0.8759999871253967,
            "method": "energy",
            "mirror": true,
            "multiplier": 0.009999999776482582,
            "octaves": 6,
            "palette_modifier": 1.5049999952316284,
            "persistence": 0.6980000138282776,
            "position_amount": 0.039000000804662704,
            "power": 0.5180000066757202,
            "scale": 0.009999999776482582,
            "sin_offset": -0.23399999737739563,
            "sin_power": 0.5920000076293945,
            "type": "waves",
            "waviness": 0.03999999910593033,
            "wavinessTwo": 1.0
        },
        {
            "brightness": 1.0,
            "color_modifier": 0.039000000804662704,
            "direction": true,
            "level_blend": 0.8759999871253967,
            "method": "energy",
            "mirror": true,
            "multiplier": 0.009999999776482582,
            "octaves": 6,
            "palette_modifier": 1.5049999952316284,
            "persistence": 0.6980000138282776,
            "position_amount": 0.039000000804662704,
            "power": 0.5180000066757202,
            "scale": 0.009999999776482582,
            "sin_offset": -0.23399999737739563,
            "sin_power": 0.5920000076293945,
            "type": "waves",
            "waviness": 0.03999999910593033,
            "wavinessTwo": 1.0
        },
        {
            "brightness": 1.0,
            "color_modifier": 0.039000000804662704,
            "direction": true,
            "level_blend": 0.8759999871253967,
            "method": "energy",
            "mirror": true,
            "multiplier": 0.009999999776482582,
            "octaves": 6,
            "palette_modifier": 1.5049999952316284,
            "persistence": 0.6980000138282776,
            "position_amount": 0.039000000804662704,
            "power": 0.5180000066757202,
            "scale": 0.009999999776482582,
            "sin_offset": -0.23399999737739563,
            "sin_power": 0.5920000076293945,
            "type": "waves",
            "waviness": 0.03999999910593033,
            "wavinessTwo": 1.0
        },
        {
            "brightness": 1.0,
            "color_modifier": 0.039000000804662704,
            "direction": true,
            "level_blend": 0.8759999871253967,
            "method": "energy",
            "mirror": true,
            "multiplier": 0.009999999776482582,
            "octaves": 6,
            "palette_modifier": 1.5049999952316284,
            "persistence": 0.6980000138282776,
            "position_amount": 0.039000000804662704,
            "power": 0.5180000066757202,
            "scale": 0.009999999776482582,
            "sin_offset": -0.23399999737739563,
            "sin_power": 0.5920000076293945,
            "type": "waves",
            "waviness": 0.03999999910593033,
            "wavinessTwo": 1.0
        },
        {
            "brightness": 1.0,
            "color_modifier": 0.039000000804662704,
            "direction": true,
            "level_blend": 0.8759999871253967,
            "method": "energy",
            "mirror": true,
            "multiplier": 0.009999999776482582,
            "octaves": 6,
            "palette_modifier": 1.5049999952316284,
            "persistence": 0.6980000138282776,
            "position_amount": 0.039000000804662704,
            "power": 0.5180000066757202,
            "scale": 0.009999999776482582,
            "sin_offset": -0.23399999737739563,
            "sin_power": 0.5920000076293945,
            "type": "waves",
            "waviness": 0.03999999910593033,
            "wavinessTwo": 1.0
        }
    ]
}