{
    "sequencers": [
        {
            "brightness": 1.0,
            "color_blend": 0.2800000011920929,
            "color_fade_energy": 0.23399999737739563,
            "color_increase": 0.28299999237060547,
            "direction": true,
            "energy_velocity": false,
            "fade_blend": 0.781000018119812,
            "hfc_flicker_amount": 0.09000000357627869,
            "initial_wisp_velocity": 3.23799991607666,
            "live_color": false,
            "max_wisps": 2,
            "min_delay_frames": 15,
            "mirror": false,
            "random": true,
            "repeat_trigger": 1,
            "trigger": "pressure_normalized",
            "trigger_threshold": 0.8799999952316284,
            "type": "wisps",
            "velocity_decay": 0.04899999871850014,
            "velocity_threshold": 0.11100000143051147,
            "wisp_length": 5
        },
        {
            "brightness": 1.0,
            "color_blend": 0.2800000011920929,
            "color_fade_energy": 0.23399999737739563,
            "color_increase": 0.28299999237060547,
            "direction": true,
            "energy_velocity": false,
            "fade_blend": 0.781000018119812,
            "hfc_flicker_amount": 0.09000000357627869,
            "initial_wisp_velocity": 3.23799991607666,
            "live_color": false,
            "max_wisps": 2,
            "min_delay_frames": 15,
            "mirror": false,
            "random": true,
            "repeat_trigger": 1,
            "trigger": "pressure_normalized",
            "trigger_threshold": 0.8799999952316284,
            "type": "wisps",
            "velocity_decay": 0.04899999871850014,
            "velocity_threshold": 0.11100000143051147,
            "wisp_length": 5
        },
        {
            "brightness": 1.0,
            "color_blend": 0.2800000011920929,
            "color_fade_energy": 0.23399999737739563,
            "color_increase": 0.28299999237060547,
            "direction": true,
            "energy_velocity": false,
            "fade_blend": 0.781000018119812,
            "hfc_flicker_amount": 0.09000000357627869,
            "initial_wisp_velocity": 3.23799991607666,
            "live_color": false,
            "max_wisps": 2,
            "min_delay_frames": 15,
            "mirror": false,
            "random": true,
            "repeat_trigger": 1,
            "trigger": "pressure_normalized",
            "trigger_threshold": 0.8799999952316284,
            "type": "wisps",
            "velocity_decay": 0.04899999871850014,
            "velocity_threshold": 0.11100000143051147,
            "wisp_length": 5
        },
        {
            "brightness": 1.0,
            "color_blend": 0.2800000011920929,
            "color_fade_energy": 0.23399999737739563,
            "color_increase": 0.28299999237060547,
            "direction": true,
            "energy_velocity": false,
            "fade_blend": 0.781000018119812,
            "hfc_flicker_amount": 0.09000000357627869,
            "initial_wisp_velocity": 3.23799991607666,
            "live_color": false,
            "max_wisps": 2,
            "min_delay_frames": 15,
            "mirror": false,
            "random": true,
            "repeat_trigger": 1,
            "trigger": "pressure_normalized",
            "trigger_threshold": 0.8799999952316284,
            "type": "wisps",
            "velocity_decay": 0.04899999871850014,
            "velocity_threshold": 0.11100000143051147,
            "wisp_length": 5
        },
        {
            "brightness": 1.0,
            "color_blend": 0.2800000011920929,
            "color_fade_energy": 0.23399999737739563,
            "color_increase": 0.28299999237060547,
            "direction": true,
            "energy_velocity": false,
            "fade_blend": 0.781000018119812,
            "hfc_flicker_amount": 0.09000000357627869,
            "initial_wisp_velocity": 3.23799991607666,
            "live_color": false,
            "max_wisps": 2,
            "min_delay_frames": 15,
            "mirror": false,
            "random": true,
            "repeat_trigger": 1,
            "trigger": "pressure_normalized",
            "trigger_threshold": 0.8799999952316284,
            "type": "wisps",
            "velocity_decay": 0.04899999871850014,
            "velocity_threshold": 0.11100000143051147,
            "wisp_length": 5
        },
        {
            "brightness": 1.0,
            "color_blend": 0.2800000011920929,
            "color_fade_energy": 0.23399999737739563,
            "color_increase": 0.28299999237060547,
            "direction": true,
            "energy_velocity": false,
            "fade_blend": 0.781000018119812,
            "hfc_flicker_amount": 0.09000000357627869,
            "initial_wisp_velocity": 3.23799991607666,
            "live_color": false,
            "max_wisps": 2,
            "min_delay_frames": 15,
            "mirror": false,
            "random": true,
            "repeat_trigger": 1,
            "trigger": "pressure_normalized",
            "trigger_threshold": 0.8799999952316284,
            "type": "wisps",
            "velocity_decay": 0.04899999871850014,
            "velocity_threshold": 0.11100000143051147,
            "wisp_length": 5
        }
    ]
}