{
    "modules": {
        "filter": {
            "active": false,
            "frequency_center": 200.0,
            "gain": 0.0,
            "q_intensity": 0.30000001192092896,
            "type": "low_pass"
        },
        "filter_bank": {
            "filters": 100,
            "high_freq": 10000.0,
            "low_freq": 40.0,
            "power": 1.2999999523162842
        },
        "onset": {
            "method": "default",
            "min_interval": 160.0,
            "silence": -20.0,
            "threshold": 0.30000001192092896
        },
        "pitch": {
            "method": "default"
        },
        "tempo": {
            "beat_threshold": -15.0,
            "silence": -15.0,
            "skewness_threshold": 2.0,
            "threshold": 0.30000001192092896
        }
    },
    "sequencers": [
        {
            "brightness": 1.0,
            "color_blend": 0.8320000171661377,
            "color_increase": 0.30300000309944153,
            "direction": true,
            "energy_velocity": true,
            "fade_blend": 0.17499999701976776,
            "initial_wisp_velocity": 0.550000011920929,
            "live_color": false,
            "max_wisps": 10,
            "mirror": true,
            "random": true,
            "trigger": "pressure",
            "trigger_threshold": -18.041000366210938,
            "type": "wisps",
            "velocity_decay": 0.014999999664723873,
            "velocity_threshold": 0.12999999523162842,
            "wisp_length": 2
        },
        {
            "brightness": 1.0,
            "color_blend": 0.8320000171661377,
            "color_increase": 0.30300000309944153,
            "direction": true,
            "energy_velocity": true,
            "fade_blend": 0.17499999701976776,
            "initial_wisp_velocity": 0.550000011920929,
            "live_color": false,
            "max_wisps": 10,
            "mirror": true,
            "random": true,
            "trigger": "pressure",
            "trigger_threshold": -18.041000366210938,
            "type": "wisps",
            "velocity_decay": 0.014999999664723873,
            "velocity_threshold": 0.12999999523162842,
            "wisp_length": 2
        },
        {
            "brightness": 1.0,
            "color_blend": 0.8320000171661377,
            "color_increase": 0.30300000309944153,
            "direction": true,
            "energy_velocity": true,
            "fade_blend": 0.17499999701976776,
            "initial_wisp_velocity": 0.550000011920929,
            "live_color": false,
            "max_wisps": 10,
            "mirror": true,
            "random": true,
            "trigger": "pressure",
            "trigger_threshold": -18.041000366210938,
            "type": "wisps",
            "velocity_decay": 0.014999999664723873,
            "velocity_threshold": 0.12999999523162842,
            "wisp_length": 2
        },
        {
            "brightness": 1.0,
            "color_blend": 0.8320000171661377,
            "color_increase": 0.30300000309944153,
            "direction": true,
            "energy_velocity": true,
            "fade_blend": 0.17499999701976776,
            "initial_wisp_velocity": 0.550000011920929,
            "live_color": false,
            "max_wisps": 10,
            "mirror": true,
            "random": true,
            "trigger": "pressure",
            "trigger_threshold": -18.041000366210938,
            "type": "wisps",
            "velocity_decay": 0.014999999664723873,
            "velocity_threshold": 0.12999999523162842,
            "wisp_length": 2
        }
    ]
}