{
    "modules": {
        "band_peak": {
            "bass_threshold": 180.0,
            "mid_threshold": 300.0,
            "timeout": 300,
            "treble_threshold": 200.0
        },
        "filter": {
            "active": false,
            "frequency_center": 200.0,
            "gain": 0.0,
            "q_intensity": 0.30000001192092896,
            "type": "low_pass"
        },
        "filter_bank": {
            "filters": 100,
            "high_freq": 10000.0,
            "low_freq": 40.0,
            "power": 1.2999999523162842
        },
        "onset": {
            "method": "default",
            "min_interval": 160.0,
            "silence": -20.0,
            "threshold": 0.30000001192092896
        },
        "pitch": {
            "method": "default"
        },
        "tempo": {
            "beat_threshold": -15.0,
            "silence": -15.0,
            "skewness_threshold": 2.0,
            "threshold": 0.30000001192092896
        }
    },
    "sequencers": [
        {
            "brightness": 1.0,
            "color_blend": 0.6349999904632568,
            "color_increase": 0.21299999952316284,
            "direction": true,
            "energy_velocity": true,
            "fade_blend": 0.34599998593330383,
            "initial_wisp_velocity": 2.000999927520752,
            "live_color": false,
            "max_wisps": 80,
            "mirror": true,
            "random": false,
            "trigger": "pressure",
            "trigger_threshold": -18.64900016784668,
            "type": "wisps",
            "velocity_decay": 0.0020000000949949026,
            "velocity_threshold": 0.2930000126361847,
            "wisp_length": 1
        },
        {
            "brightness": 1.0,
            "color_blend": 0.6349999904632568,
            "color_increase": 0.21299999952316284,
            "direction": true,
            "energy_velocity": true,
            "fade_blend": 0.34599998593330383,
            "initial_wisp_velocity": 2.000999927520752,
            "live_color": false,
            "max_wisps": 80,
            "mirror": true,
            "random": false,
            "trigger": "pressure",
            "trigger_threshold": -18.64900016784668,
            "type": "wisps",
            "velocity_decay": 0.0020000000949949026,
            "velocity_threshold": 0.2930000126361847,
            "wisp_length": 1
        },
        {
            "brightness": 1.0,
            "color_blend": 0.6349999904632568,
            "color_increase": 0.21299999952316284,
            "direction": true,
            "energy_velocity": true,
            "fade_blend": 0.34599998593330383,
            "initial_wisp_velocity": 2.000999927520752,
            "live_color": false,
            "max_wisps": 80,
            "mirror": true,
            "random": false,
            "trigger": "pressure",
            "trigger_threshold": -18.64900016784668,
            "type": "wisps",
            "velocity_decay": 0.0020000000949949026,
            "velocity_threshold": 0.2930000126361847,
            "wisp_length": 1
        },
        {
            "brightness": 1.0,
            "color_blend": 0.6349999904632568,
            "color_increase": 0.21299999952316284,
            "direction": true,
            "energy_velocity": true,
            "fade_blend": 0.34599998593330383,
            "initial_wisp_velocity": 2.000999927520752,
            "live_color": false,
            "max_wisps": 80,
            "mirror": true,
            "random": false,
            "trigger": "pressure",
            "trigger_threshold": -18.64900016784668,
            "type": "wisps",
            "velocity_decay": 0.0020000000949949026,
            "velocity_threshold": 0.2930000126361847,
            "wisp_length": 1
        }
    ]
}