{
    "modules": {
        "filter": {
            "active": false,
            "frequency_center": 200.0,
            "gain": 0.0,
            "q_intensity": 0.30000001192092896,
            "type": "low_pass"
        },
        "filter_bank": {
            "filters": 100,
            "high_freq": 10000.0,
            "low_freq": 40.0,
            "power": 1.2999999523162842
        },
        "onset": {
            "method": "default",
            "min_interval": 41.0,
            "silence": -20.0,
            "threshold": -0.1679999977350235
        },
        "pitch": {
            "method": "default"
        },
        "tempo": {
            "beat_threshold": -15.0,
            "silence": -15.0,
            "skewness_threshold": 2.0,
            "threshold": 0.30000001192092896
        }
    },
    "sequencers": [
        {
            "brightness": 0.9856815338134766,
            "color_blend": 0.8870000243186951,
            "color_increase": 0.004999999888241291,
            "direction": true,
            "energy_velocity": true,
            "fade_blend": 0.2590000033378601,
            "initial_wisp_velocity": 7.918000221252441,
            "live_color": false,
            "max_wisps": 58,
            "mirror": true,
            "random": false,
            "trigger_threshold": 0.39899998903274536,
            "type": "wisps",
            "velocity_decay": 0.010999999940395355,
            "velocity_threshold": 0.42500001192092896,
            "wisp_length": 1
        },
        {
            "brightness": 0.9856815338134766,
            "color_blend": 0.8870000243186951,
            "color_increase": 0.004999999888241291,
            "direction": true,
            "energy_velocity": true,
            "fade_blend": 0.2590000033378601,
            "initial_wisp_velocity": 7.918000221252441,
            "live_color": false,
            "max_wisps": 58,
            "mirror": true,
            "random": false,
            "trigger_threshold": 0.39899998903274536,
            "type": "wisps",
            "velocity_decay": 0.010999999940395355,
            "velocity_threshold": 0.42500001192092896,
            "wisp_length": 1
        },
        {
            "brightness": 0.9856815338134766,
            "color_blend": 0.8870000243186951,
            "color_increase": 0.004999999888241291,
            "direction": true,
            "energy_velocity": true,
            "fade_blend": 0.2590000033378601,
            "initial_wisp_velocity": 7.918000221252441,
            "live_color": false,
            "max_wisps": 58,
            "mirror": true,
            "random": false,
            "trigger_threshold": 0.39899998903274536,
            "type": "wisps",
            "velocity_decay": 0.010999999940395355,
            "velocity_threshold": 0.42500001192092896,
            "wisp_length": 1
        },
        {
            "brightness": 0.9856815338134766,
            "color_blend": 0.8870000243186951,
            "color_increase": 0.004999999888241291,
            "direction": true,
            "energy_velocity": true,
            "fade_blend": 0.2590000033378601,
            "initial_wisp_velocity": 7.918000221252441,
            "live_color": false,
            "max_wisps": 58,
            "mirror": true,
            "random": false,
            "trigger_threshold": 0.39899998903274536,
            "type": "wisps",
            "velocity_decay": 0.010999999940395355,
            "velocity_threshold": 0.42500001192092896,
            "wisp_length": 1
        }
    ]
}