{
    "modules": {
        "band_peak": {
            "bass_threshold": 180.0,
            "mid_threshold": 300.0,
            "timeout": 300,
            "treble_threshold": 200.0
        },
        "filter": {
            "active": false,
            "frequency_center": 200.0,
            "gain": 0.0,
            "q_intensity": 0.30000001192092896,
            "type": "low_pass"
        },
        "filter_bank": {
            "filters": 100,
            "high_freq": 10000.0,
            "low_freq": 40.0,
            "power": 1.2999999523162842
        },
        "onset": {
            "method": "default",
            "min_interval": 160.0,
            "silence": -20.0,
            "threshold": 0.30000001192092896
        },
        "pitch": {
            "method": "default"
        },
        "tempo": {
            "beat_threshold": -15.0,
            "silence": -15.0,
            "skewness_threshold": 2.0,
            "threshold": 0.30000001192092896
        }
    },
    "sequencers": [
        {
            "brightness": 1.0,
            "color_blend": 0.8500000238418579,
            "color_increase": 0.5289999842643738,
            "direction": true,
            "energy_velocity": false,
            "fade_blend": 0.20000000298023224,
            "initial_wisp_velocity": 0.20000000298023224,
            "live_color": false,
            "max_wisps": 80,
            "mirror": true,
            "random": false,
            "trigger": "pressure",
            "trigger_threshold": -15.729999542236328,
            "type": "wisps",
            "velocity_decay": 0.0,
            "velocity_threshold": 0.12999999523162842,
            "wisp_length": 3
        },
        {
            "brightness": 1.0,
            "color_blend": 0.8500000238418579,
            "color_increase": 0.5289999842643738,
            "direction": true,
            "energy_velocity": false,
            "fade_blend": 0.20000000298023224,
            "initial_wisp_velocity": 0.20000000298023224,
            "live_color": false,
            "max_wisps": 80,
            "mirror": true,
            "random": false,
            "trigger": "pressure",
            "trigger_threshold": -15.729999542236328,
            "type": "wisps",
            "velocity_decay": 0.0,
            "velocity_threshold": 0.12999999523162842,
            "wisp_length": 3
        },
        {
            "brightness": 1.0,
            "color_blend": 0.8500000238418579,
            "color_increase": 0.5289999842643738,
            "direction": true,
            "energy_velocity": false,
            "fade_blend": 0.20000000298023224,
            "initial_wisp_velocity": 0.20000000298023224,
            "live_color": false,
            "max_wisps": 80,
            "mirror": true,
            "random": false,
            "trigger": "pressure",
            "trigger_threshold": -15.729999542236328,
            "type": "wisps",
            "velocity_decay": 0.0,
            "velocity_threshold": 0.12999999523162842,
            "wisp_length": 3
        },
        {
            "brightness": 1.0,
            "color_blend": 0.8500000238418579,
            "color_increase": 0.5289999842643738,
            "direction": true,
            "energy_velocity": false,
            "fade_blend": 0.20000000298023224,
            "initial_wisp_velocity": 0.20000000298023224,
            "live_color": false,
            "max_wisps": 80,
            "mirror": true,
            "random": false,
            "trigger": "pressure",
            "trigger_threshold": -15.729999542236328,
            "type": "wisps",
            "velocity_decay": 0.0,
            "velocity_threshold": 0.12999999523162842,
            "wisp_length": 3
        }
    ]
}