{
    "sequencers": [
        {
            "brightness": 1.0,
            "color_blend": 0.9160000085830688,
            "color_fade_energy": 0.0820000022649765,
            "color_increase": 0.03200000151991844,
            "direction": true,
            "energy_velocity": true,
            "fade_blend": 0.21400000154972076,
            "hfc_flicker_amount": 0.08799999952316284,
            "initial_wisp_velocity": 1.9739999771118164,
            "live_color": false,
            "max_wisps": 20,
            "min_delay_frames": 1,
            "mirror": false,
            "random": true,
            "repeat_trigger": 1,
            "trigger": "pressure_normalized",
            "trigger_threshold": 0.9710000157356262,
            "type": "wisps",
            "velocity_decay": 0.052000001072883606,
            "velocity_threshold": 0.23100000619888306,
            "wisp_length": 3
        },
        {
            "brightness": 1.0,
            "color_blend": 0.9160000085830688,
            "color_fade_energy": 0.0820000022649765,
            "color_increase": 0.03200000151991844,
            "direction": true,
            "energy_velocity": true,
            "fade_blend": 0.21400000154972076,
            "hfc_flicker_amount": 0.08799999952316284,
            "initial_wisp_velocity": 1.9739999771118164,
            "live_color": false,
            "max_wisps": 20,
            "min_delay_frames": 1,
            "mirror": false,
            "random": true,
            "repeat_trigger": 1,
            "trigger": "pressure_normalized",
            "trigger_threshold": 0.9710000157356262,
            "type": "wisps",
            "velocity_decay": 0.052000001072883606,
            "velocity_threshold": 0.23100000619888306,
            "wisp_length": 3
        },
        {
            "brightness": 1.0,
            "color_blend": 0.9160000085830688,
            "color_fade_energy": 0.0820000022649765,
            "color_increase": 0.03200000151991844,
            "direction": true,
            "energy_velocity": true,
            "fade_blend": 0.21400000154972076,
            "hfc_flicker_amount": 0.08799999952316284,
            "initial_wisp_velocity": 1.9739999771118164,
            "live_color": false,
            "max_wisps": 20,
            "min_delay_frames": 1,
            "mirror": false,
            "random": true,
            "repeat_trigger": 1,
            "trigger": "pressure_normalized",
            "trigger_threshold": 0.9710000157356262,
            "type": "wisps",
            "velocity_decay": 0.052000001072883606,
            "velocity_threshold": 0.23100000619888306,
            "wisp_length": 3
        },
        {
            "brightness": 1.0,
            "color_blend": 0.9160000085830688,
            "color_fade_energy": 0.0820000022649765,
            "color_increase": 0.03200000151991844,
            "direction": true,
            "energy_velocity": true,
            "fade_blend": 0.21400000154972076,
            "hfc_flicker_amount": 0.08799999952316284,
            "initial_wisp_velocity": 1.9739999771118164,
            "live_color": false,
            "max_wisps": 20,
            "min_delay_frames": 1,
            "mirror": false,
            "random": true,
            "repeat_trigger": 1,
            "trigger": "pressure_normalized",
            "trigger_threshold": 0.9710000157356262,
            "type": "wisps",
            "velocity_decay": 0.052000001072883606,
            "velocity_threshold": 0.23100000619888306,
            "wisp_length": 3
        },
        {
            "brightness": 1.0,
            "color_blend": 0.9160000085830688,
            "color_fade_energy": 0.0820000022649765,
            "color_increase": 0.03200000151991844,
            "direction": true,
            "energy_velocity": true,
            "fade_blend": 0.21400000154972076,
            "hfc_flicker_amount": 0.08799999952316284,
            "initial_wisp_velocity": 1.9739999771118164,
            "live_color": false,
            "max_wisps": 20,
            "min_delay_frames": 1,
            "mirror": false,
            "random": true,
            "repeat_trigger": 1,
            "trigger": "pressure_normalized",
            "trigger_threshold": 0.9710000157356262,
            "type": "wisps",
            "velocity_decay": 0.052000001072883606,
            "velocity_threshold": 0.23100000619888306,
            "wisp_length": 3
        },
        {
            "brightness": 1.0,
            "color_blend": 0.9160000085830688,
            "color_fade_energy": 0.0820000022649765,
            "color_increase": 0.03200000151991844,
            "direction": true,
            "energy_velocity": true,
            "fade_blend": 0.21400000154972076,
            "hfc_flicker_amount": 0.08799999952316284,
            "initial_wisp_velocity": 1.9739999771118164,
            "live_color": false,
            "max_wisps": 20,
            "min_delay_frames": 1,
            "mirror": false,
            "random": true,
            "repeat_trigger": 1,
            "trigger": "pressure_normalized",
            "trigger_threshold": 0.9710000157356262,
            "type": "wisps",
            "velocity_decay": 0.052000001072883606,
            "velocity_threshold": 0.23100000619888306,
            "wisp_length": 3
        }
    ]
}