{
    "controllers": [
        {
            "leds": 62,
            "output": {
                "ip": "10.41.0.111",
                "port": 21324,
                "type": "WLED"
            },
            "palette": "glow",
            "sequencer": {
                "active": true,
                "brightness": 1.0,
                "color_blend": 0.20000000298023224,
                "color_fade": 0.35499998927116394,
                "color_threshold": 0.0,
                "intensity_modifier": 4.7779998779296875,
                "kernel_side": 3,
                "kernel_sigma": 0.4269999861717224,
                "palette_modifier": 1.7319999933242798,
                "pitch_scale": 0.10899999737739563,
                "type": "pitch"
            },
            "type": "basic"
        }
    ],
    "modules": {
        "filter_bank": {
            "filters": 100,
            "high_freq": 10000.0,
            "low_freq": 40.0,
            "power": 1.2999999523162842
        },
        "onset": {
            "method": "default",
            "min_interval": 415.0,
            "silence": -24.0,
            "threshold": 0.14300000667572021
        },
        "pitch": {
            "method": "default"
        },
        "tempo": {
            "beat_threshold": -15.0,
            "silence": -15.0,
            "skewness_threshold": 2.0,
            "threshold": 0.30000001192092896
        }
    },
    "palettes": [
        {
            "colors": [
                "#00ff1f",
                "#008fff",
                "#5a00ff"
            ],
            "name": "glow"
        },
        {
            "colors": [
                "#8f00ff",
                "#00ff97"
            ],
            "name": "main"
        }
    ]
}