{
    "band_peak": {
        "clap_high": 5000.0,
        "clap_low": 2000.0,
        "clap_normalized_decay": 0.026000000536441803,
        "clap_normalized_follow": 0.8859999775886536,
        "hi_hat_normalized_decay": 0.02500000037252903,
        "hi_hat_normalized_follow": 0.921999990940094,
        "hihat_high": 18642.990234375,
        "hihat_low": 10672.8974609375,
        "kick_high": 360.0,
        "kick_low": 150.0,
        "kick_normalized_decay": 0.008999999612569809,
        "kick_normalized_follow": 0.9750000238418579,
        "snare_high": 2000.0,
        "snare_low": 400.0,
        "snare_normalized_decay": 0.027000000700354576,
        "snare_normalized_follow": 0.8999999761581421
    },
    "filter": {
        "active": false,
        "frequency_center": 200.0,
        "gain": -28.0,
        "q_intensity": 0.30000001192092896,
        "type": "low_pass"
    },
    "filter_bank": {
        "filters": 512,
        "high_freq": 15630.037109375,
        "low_freq": 58.32600021362305,
        "power": 0.9929999709129333
    },
    "music_utils": {
        "pressure_level_decay": 0.004000000189989805,
        "pressure_level_follow": 0.8349999785423279
    },
    "onset": {
        "adaptive_whitening": true,
        "method": "default",
        "min_interval": 160.0,
        "silence": -20.0,
        "threshold": 0.30000001192092896
    },
    "pitch": {
        "method": "mcomb",
        "pitch_normalized_decay": 0.8930000066757202,
        "pitch_normalized_follow": 1.0
    },
    "spec_desc": {
        "energy_decay": 0.004999999888241291,
        "energy_follow": 0.49000000953674316,
        "hfc_decay": 0.004999999888241291,
        "hfc_follow": 0.31700000166893005,
        "specdiff_decay": 0.0005000000237487257,
        "specdiff_follow": 0.4000000059604645
    },
    "spectral_shape": {
        "skewness_decay": 0.004999999888241291,
        "skewness_follow": 0.27000001072883606
    },
    "tempo": {
        "beat_threshold": -15.0,
        "silence": -15.0,
        "tatum_signiture": 2,
        "threshold": 0.30000001192092896
    }
}