{
    "band_peak": {
        "bass_threshold": 180.0,
        "mid_threshold": 300.0,
        "timeout_bass": 300,
        "timeout_mid": 200,
        "timeout_treble": 100,
        "treble_threshold": 200.0
    },
    "filter": {
        "active": false,
        "frequency_center": 200.0,
        "gain": 0.0,
        "q_intensity": 0.30000001192092896,
        "type": "low_pass"
    },
    "filter_bank": {
        "filters": 300,
        "high_freq": 10722.43359375,
        "low_freq": 1.0,
        "power": 1.2970000505447388
    },
    "music_utils": {
        "pressure_level_decay": 0.004999999888241291,
        "pressure_level_follow": 0.29100000858306885
    },
    "onset": {
        "adaptive_whitening": true,
        "method": "default",
        "min_interval": 160.0,
        "silence": -20.0,
        "threshold": 0.30000001192092896
    },
    "pitch": {
        "method": "yin",
        "pitch_normalized_decay": 0.07000000029802322,
        "pitch_normalized_follow": 0.34700000286102295
    },
    "spec_desc": {
        "energy_decay": 0.004999999888241291,
        "energy_follow": 0.49000000953674316,
        "hfc_decay": 0.004999999888241291,
        "hfc_follow": 0.31700000166893005
    },
    "spectral_shape": {
        "skewness_decay": 0.004999999888241291,
        "skewness_follow": 0.27000001072883606
    },
    "tempo": {
        "beat_threshold": -15.0,
        "silence": -15.0,
        "skewness_threshold": 2.0,
        "tatum_signiture": 2,
        "threshold": 0.30000001192092896
    }
}