{
    "band_peak": {
        "bass_threshold": 1500.0,
        "mid_threshold": 300.0,
        "timeout_bass": 300,
        "timeout_mid": 200,
        "timeout_treble": 100,
        "treble_threshold": 200.0
    },
    "filter": {
        "active": false,
        "frequency_center": 200.0,
        "gain": -28.0,
        "q_intensity": 0.30000001192092896,
        "type": "low_pass"
    },
    "filter_bank": {
        "filters": 300,
        "high_freq": 13618.177734375,
        "low_freq": 5.295000076293945,
        "power": 0.9789999723434448
    },
    "music_utils": {
        "pressure_level_decay": 0.004000000189989805,
        "pressure_level_follow": 0.8349999785423279
    },
    "onset": {
        "adaptive_whitening": true,
        "method": "default",
        "min_interval": 160.0,
        "silence": -20.0,
        "threshold": 0.30000001192092896
    },
    "pitch": {
        "method": "default",
        "pitch_normalized_decay": 0.19900000095367432,
        "pitch_normalized_follow": 0.847000002861023
    },
    "spec_desc": {
        "energy_decay": 0.004999999888241291,
        "energy_follow": 0.49000000953674316,
        "hfc_decay": 0.004999999888241291,
        "hfc_follow": 0.31700000166893005
    },
    "spectral_shape": {
        "skewness_decay": 0.004999999888241291,
        "skewness_follow": 0.27000001072883606
    },
    "tempo": {
        "beat_threshold": -15.0,
        "silence": -15.0,
        "tatum_signiture": 2,
        "threshold": 0.30000001192092896
    }
}