{
    "modules": {
        "band_peak": {
            "bass_threshold": 180.0,
            "mid_threshold": 300.0,
            "timeout": 300,
            "treble_threshold": 200.0
        },
        "filter": {
            "active": false,
            "frequency_center": 200.0,
            "gain": 0.0,
            "q_intensity": 0.30000001192092896,
            "type": "low_pass"
        },
        "filter_bank": {
            "filters": 100,
            "high_freq": 10000.0,
            "low_freq": 40.0,
            "power": 1.2999999523162842
        },
        "onset": {
            "method": "mkl",
            "min_interval": 99.0,
            "silence": -22.0,
            "threshold": -0.029999999329447746
        },
        "pitch": {
            "method": "default"
        },
        "tempo": {
            "beat_threshold": -15.0,
            "silence": -15.0,
            "skewness_threshold": 2.0,
            "threshold": 0.30000001192092896
        }
    },
    "sequencers": [
        {
            "brightness": 1.0,
            "color_increase": 1.0440000295639038,
            "fade_blend": 0.029999999329447746,
            "length": 13,
            "randomize": true,
            "type": "blocks"
        },
        {
            "brightness": 1.0,
            "color_increase": 1.0440000295639038,
            "fade_blend": 0.029999999329447746,
            "length": 13,
            "randomize": true,
            "type": "blocks"
        },
        {
            "brightness": 1.0,
            "color_increase": 1.0440000295639038,
            "fade_blend": 0.029999999329447746,
            "length": 13,
            "randomize": true,
            "type": "blocks"
        },
        {
            "brightness": 1.0,
            "color_increase": 1.0440000295639038,
            "fade_blend": 0.029999999329447746,
            "length": 13,
            "randomize": true,
            "type": "blocks"
        }
    ]
}