{
    "modules": {
        "filter": {
            "active": false,
            "frequency_center": 200.0,
            "gain": 0.0,
            "q_intensity": 0.30000001192092896,
            "type": "low_pass"
        },
        "filter_bank": {
            "filters": 100,
            "high_freq": 10000.0,
            "low_freq": 40.0,
            "power": 1.2999999523162842
        },
        "onset": {
            "method": "default",
            "min_interval": 160.0,
            "silence": -20.0,
            "threshold": 0.30000001192092896
        },
        "pitch": {
            "method": "default"
        },
        "tempo": {
            "beat_threshold": -15.0,
            "silence": -15.0,
            "skewness_threshold": 2.0,
            "threshold": 0.30000001192092896
        }
    },
    "sequencers": [
        {
            "brightness": 1.0,
            "color_blend": 0.06400000303983688,
            "color_fade": 0.05700000002980232,
            "color_threshold": 0.10700000077486038,
            "envelope": 0.8999999761581421,
            "intensity_modifier": 92.03900146484375,
            "kernel_side": 23,
            "kernel_sigma": 17.562000274658203,
            "method": "wphase",
            "palette_modifier": 5.6020002365112305,
            "static_palette": false,
            "type": "energy"
        },
        {
            "brightness": 1.0,
            "color_blend": 0.06400000303983688,
            "color_fade": 0.05700000002980232,
            "color_threshold": 0.10700000077486038,
            "envelope": 0.8999999761581421,
            "intensity_modifier": 92.0,
            "kernel_side": 23,
            "kernel_sigma": 17.0,
            "method": "wphase",
            "palette_modifier": 5.6020002365112305,
            "static_palette": false,
            "type": "energy"
        },
        {
            "brightness": 1.0,
            "color_blend": 0.06400000303983688,
            "color_fade": 0.05700000002980232,
            "color_threshold": 0.10700000077486038,
            "envelope": 0.8999999761581421,
            "intensity_modifier": 92.0,
            "kernel_side": 23,
            "kernel_sigma": 17.0,
            "method": "wphase",
            "palette_modifier": 5.6020002365112305,
            "static_palette": false,
            "type": "energy"
        },
        {
            "brightness": 1.0,
            "color_blend": 0.06400000303983688,
            "color_fade": 0.05700000002980232,
            "color_threshold": 0.10700000077486038,
            "envelope": 0.8999999761581421,
            "intensity_modifier": 92.0,
            "kernel_side": 23,
            "kernel_sigma": 17.0,
            "method": "wphase",
            "palette_modifier": 5.6020002365112305,
            "static_palette": false,
            "type": "energy"
        }
    ]
}