{
    "modules": {
        "filter_bank": {
            "filters": 100,
            "high_freq": 10000.0,
            "low_freq": 40.0,
            "power": 1.2999999523162842
        },
        "onset": {
            "method": "default",
            "min_interval": 160.0,
            "silence": -20.0,
            "threshold": 0.30000001192092896
        },
        "pitch": {
            "method": "default"
        },
        "tempo": {
            "beat_threshold": -15.0,
            "silence": -15.0,
            "skewness_threshold": 2.0,
            "threshold": 0.30000001192092896
        }
    },
    "sequencers": [{
            "brightness": 0.21019473671913147,
            "color_blend": 0.20499999821186066,
            "color_fade": 0.10700000077486038,
            "color_threshold": 0.05700000002980232,
            "envelope": 0.5809999704360962,
            "intensity_modifier": 56.0,
            "kernel_side": 18,
            "kernel_sigma": 8.0,
            "method": "energy",
            "palette_modifier": 6.0229997634887695,
            "static_palette": false,
            "type": "energy"
        },
        {
            "brightness": 0.21019473671913147,
            "color_blend": 0.20499999821186066,
            "color_fade": 0.10700000077486038,
            "color_threshold": 0.05700000002980232,
            "envelope": 0.5809999704360962,
            "intensity_modifier": 56.0,
            "kernel_side": 18,
            "kernel_sigma": 8.0,
            "method": "energy",
            "palette_modifier": 6.0229997634887695,
            "static_palette": false,
            "type": "energy"
        },
        {
            "brightness": 1.0,
            "color_blend": 0.20499999821186066,
            "color_fade": 0.10700000077486038,
            "color_threshold": 0.05700000002980232,
            "envelope": 0.5809999704360962,
            "intensity_modifier": 56.0,
            "kernel_side": 18,
            "kernel_sigma": 8.0,
            "method": "energy",
            "palette_modifier": 6.0229997634887695,
            "static_palette": false,
            "type": "energy"
        },
        {
            "brightness": 1.0,
            "color_blend": 0.20499999821186066,
            "color_fade": 0.10700000077486038,
            "color_threshold": 0.05700000002980232,
            "envelope": 0.5809999704360962,
            "intensity_modifier": 56.0,
            "kernel_side": 18,
            "kernel_sigma": 8.0,
            "method": "energy",
            "palette_modifier": 6.0229997634887695,
            "static_palette": false,
            "type": "energy"
        }
    ]
}
