{
    "modules": {
        "band_peak": {
            "bass_threshold": 166.0,
            "mid_threshold": 262.0,
            "timeout": 1,
            "treble_threshold": 177.0
        },
        "filter": {
            "active": false,
            "frequency_center": 200.0,
            "gain": 0.0,
            "q_intensity": 0.30000001192092896,
            "type": "low_pass"
        },
        "filter_bank": {
            "filters": 100,
            "high_freq": 10000.0,
            "low_freq": 40.0,
            "power": 1.2999999523162842
        },
        "onset": {
            "method": "default",
            "min_interval": 160.0,
            "silence": -20.0,
            "threshold": 0.30000001192092896
        },
        "pitch": {
            "method": "default"
        },
        "tempo": {
            "beat_threshold": -15.0,
            "silence": -15.0,
            "skewness_threshold": 2.0,
            "threshold": 0.30000001192092896
        }
    },
    "sequencers": [
        {
            "bands": true,
            "brightness": 1.0,
            "color_blend": 0.10700000077486038,
            "color_fade": 0.02800000086426735,
            "color_threshold": 0.06800000369548798,
            "envelope": 0.8999999761581421,
            "intensity_modifier": 12.0,
            "kernel_side": 8,
            "kernel_sigma": 30.0,
            "method": "energy",
            "palette_modifier": 0.640999972820282,
            "static_palette": true,
            "type": "energy"
        },
        {
            "bands": true,
            "brightness": 1.0,
            "color_blend": 0.10700000077486038,
            "color_fade": 0.02800000086426735,
            "color_threshold": 0.06800000369548798,
            "envelope": 0.8999999761581421,
            "intensity_modifier": 12.0,
            "kernel_side": 8,
            "kernel_sigma": 30.0,
            "method": "energy",
            "palette_modifier": 0.640999972820282,
            "static_palette": true,
            "type": "energy"
        },
        {
            "bands": true,
            "brightness": 1.0,
            "color_blend": 0.10700000077486038,
            "color_fade": 0.02800000086426735,
            "color_threshold": 0.06800000369548798,
            "envelope": 0.8999999761581421,
            "intensity_modifier": 12.0,
            "kernel_side": 8,
            "kernel_sigma": 30.0,
            "method": "energy",
            "palette_modifier": 0.640999972820282,
            "static_palette": true,
            "type": "energy"
        },
        {
            "bands": true,
            "brightness": 1.0,
            "color_blend": 0.10700000077486038,
            "color_fade": 0.02800000086426735,
            "color_threshold": 0.06800000369548798,
            "envelope": 0.8999999761581421,
            "intensity_modifier": 12.0,
            "kernel_side": 8,
            "kernel_sigma": 30.0,
            "method": "energy",
            "palette_modifier": 0.640999972820282,
            "static_palette": true,
            "type": "energy"
        }
    ]
}