{
    "sequencers": [
        {
            "bands": false,
            "brightness": 1.0,
            "color_blend": 0.46399998664855957,
            "color_fade": 0.3149999976158142,
            "color_offset_modifier": 0.43700000643730164,
            "color_threshold": 0.0,
            "envelope": 0.6299999952316284,
            "intensity_modifier": 113.0,
            "kernel_side": 28,
            "kernel_sigma": 16.0,
            "method": "pressure_normalized",
            "noise_amount": 1.0,
            "octaves": 4,
            "palette_modifier": 15.0,
            "persistence": 2.8559999465942383,
            "position_centered": false,
            "position_modifier": 16.950000762939453,
            "static_palette": true,
            "time_delta": 0.0,
            "trigger_threshold": 97.0,
            "type": "energy",
            "y_axis_amount": 0.08299999684095383
        },
        {
            "bands": false,
            "brightness": 1.0,
            "color_blend": 0.46399998664855957,
            "color_fade": 0.3149999976158142,
            "color_offset_modifier": 0.43700000643730164,
            "color_threshold": 0.0,
            "envelope": 0.6299999952316284,
            "intensity_modifier": 113.0,
            "kernel_side": 28,
            "kernel_sigma": 16.0,
            "method": "pressure_normalized",
            "noise_amount": 1.0,
            "octaves": 4,
            "palette_modifier": 15.0,
            "persistence": 2.8559999465942383,
            "position_centered": false,
            "position_modifier": 16.950000762939453,
            "static_palette": true,
            "time_delta": 0.0,
            "trigger_threshold": 97.0,
            "type": "energy",
            "y_axis_amount": 0.08299999684095383
        },
        {
            "bands": false,
            "brightness": 1.0,
            "color_blend": 0.46399998664855957,
            "color_fade": 0.3149999976158142,
            "color_offset_modifier": 0.43700000643730164,
            "color_threshold": 0.0,
            "envelope": 0.6299999952316284,
            "intensity_modifier": 113.0,
            "kernel_side": 28,
            "kernel_sigma": 16.0,
            "method": "pressure_normalized",
            "noise_amount": 1.0,
            "octaves": 4,
            "palette_modifier": 15.0,
            "persistence": 2.8559999465942383,
            "position_centered": false,
            "position_modifier": 16.950000762939453,
            "static_palette": true,
            "time_delta": 0.0,
            "trigger_threshold": 97.0,
            "type": "energy",
            "y_axis_amount": 0.08299999684095383
        },
        {
            "bands": false,
            "brightness": 1.0,
            "color_blend": 0.46399998664855957,
            "color_fade": 0.3149999976158142,
            "color_offset_modifier": 0.43700000643730164,
            "color_threshold": 0.0,
            "envelope": 0.6299999952316284,
            "intensity_modifier": 113.0,
            "kernel_side": 28,
            "kernel_sigma": 16.0,
            "method": "pressure_normalized",
            "noise_amount": 1.0,
            "octaves": 4,
            "palette_modifier": 15.0,
            "persistence": 2.8559999465942383,
            "position_centered": false,
            "position_modifier": 16.950000762939453,
            "static_palette": true,
            "time_delta": 0.0,
            "trigger_threshold": 97.0,
            "type": "energy",
            "y_axis_amount": 0.08299999684095383
        },
        {
            "bands": false,
            "brightness": 1.0,
            "color_blend": 0.46399998664855957,
            "color_fade": 0.3149999976158142,
            "color_offset_modifier": 0.43700000643730164,
            "color_threshold": 0.0,
            "envelope": 0.6299999952316284,
            "intensity_modifier": 113.0,
            "kernel_side": 28,
            "kernel_sigma": 16.0,
            "method": "pressure_normalized",
            "noise_amount": 1.0,
            "octaves": 4,
            "palette_modifier": 15.0,
            "persistence": 2.8559999465942383,
            "position_centered": false,
            "position_modifier": 16.950000762939453,
            "static_palette": true,
            "time_delta": 0.0,
            "trigger_threshold": 97.0,
            "type": "energy",
            "y_axis_amount": 0.08299999684095383
        },
        {
            "bands": false,
            "brightness": 1.0,
            "color_blend": 0.46399998664855957,
            "color_fade": 0.3149999976158142,
            "color_offset_modifier": 0.43700000643730164,
            "color_threshold": 0.0,
            "envelope": 0.6299999952316284,
            "intensity_modifier": 113.0,
            "kernel_side": 28,
            "kernel_sigma": 16.0,
            "method": "pressure_normalized",
            "noise_amount": 1.0,
            "octaves": 4,
            "palette_modifier": 15.0,
            "persistence": 2.8559999465942383,
            "position_centered": false,
            "position_modifier": 16.950000762939453,
            "static_palette": true,
            "time_delta": 0.0,
            "trigger_threshold": 97.0,
            "type": "energy",
            "y_axis_amount": 0.08299999684095383
        }
    ]
}