{
    "modules": {
        "filter": {
            "active": false,
            "frequency_center": 200.0,
            "gain": 0.0,
            "q_intensity": 0.30000001192092896,
            "type": "low_pass"
        },
        "filter_bank": {
            "filters": 100,
            "high_freq": 10000.0,
            "low_freq": 40.0,
            "power": 1.2999999523162842
        },
        "onset": {
            "method": "default",
            "min_interval": 160.0,
            "silence": -20.0,
            "threshold": 0.30000001192092896
        },
        "pitch": {
            "method": "default"
        },
        "tempo": {
            "beat_threshold": -15.0,
            "silence": -15.0,
            "skewness_threshold": 2.0,
            "threshold": 0.30000001192092896
        }
    },
    "sequencers": [
        {
            "brightness": 1.0,
            "color_blend": 0.05299999937415123,
            "color_fade": 0.1599999964237213,
            "color_threshold": 0.0,
            "envelope": 0.8999999761581421,
            "intensity_modifier": 26.565000534057617,
            "kernel_side": 8,
            "kernel_sigma": 10.767000198364258,
            "method": "hfc",
            "palette_modifier": 1.034999966621399,
            "static_palette": false,
            "type": "energy"
        },
        {
            "brightness": 1.0,
            "color_blend": 0.05299999937415123,
            "color_fade": 0.1599999964237213,
            "color_threshold": 0.0,
            "envelope": 0.8999999761581421,
            "intensity_modifier": 26.0,
            "kernel_side": 8,
            "kernel_sigma": 10.0,
            "method": "hfc",
            "palette_modifier": 1.034999966621399,
            "static_palette": false,
            "type": "energy"
        },
        {
            "brightness": 1.0,
            "color_blend": 0.05299999937415123,
            "color_fade": 0.1599999964237213,
            "color_threshold": 0.0,
            "envelope": 0.8999999761581421,
            "intensity_modifier": 26.0,
            "kernel_side": 8,
            "kernel_sigma": 10.0,
            "method": "hfc",
            "palette_modifier": 1.034999966621399,
            "static_palette": false,
            "type": "energy"
        },
        {
            "brightness": 1.0,
            "color_blend": 0.05299999937415123,
            "color_fade": 0.1599999964237213,
            "color_threshold": 0.0,
            "envelope": 0.8999999761581421,
            "intensity_modifier": 26.0,
            "kernel_side": 8,
            "kernel_sigma": 10.0,
            "method": "hfc",
            "palette_modifier": 1.034999966621399,
            "static_palette": false,
            "type": "energy"
        }
    ]
}