{
    "modules": {
        "filter": {
            "active": false,
            "frequency_center": 200.0,
            "gain": 0.0,
            "q_intensity": 0.30000001192092896,
            "type": "low_pass"
        },
        "filter_bank": {
            "filters": 100,
            "high_freq": 10000.0,
            "low_freq": 40.0,
            "power": 1.2999999523162842
        },
        "onset": {
            "method": "default",
            "min_interval": 160.0,
            "silence": -20.0,
            "threshold": 0.30000001192092896
        },
        "pitch": {
            "method": "default"
        },
        "tempo": {
            "beat_threshold": -15.0,
            "silence": -15.0,
            "skewness_threshold": 2.0,
            "threshold": 0.30000001192092896
        }
    },
    "sequencers": [
        {
            "brightness": 1.0,
            "color_blend": 0.0010000000474974513,
            "color_fade": 0.007000000216066837,
            "color_threshold": 0.0,
            "envelope": 0.8999999761581421,
            "intensity_modifier": 29.547000885009766,
            "kernel_side": 30,
            "kernel_sigma": 5.186999797821045,
            "method": "specdiff",
            "palette_modifier": 5.6020002365112305,
            "static_palette": true,
            "type": "energy"
        },
        {
            "brightness": 1.0,
            "color_blend": 0.0010000000474974513,
            "color_fade": 0.007000000216066837,
            "color_threshold": 0.0,
            "envelope": 0.8999999761581421,
            "intensity_modifier": 29.0,
            "kernel_side": 30,
            "kernel_sigma": 5.0,
            "method": "specdiff",
            "palette_modifier": 5.6020002365112305,
            "static_palette": true,
            "type": "energy"
        },
        {
            "brightness": 1.0,
            "color_blend": 0.0010000000474974513,
            "color_fade": 0.007000000216066837,
            "color_threshold": 0.0,
            "envelope": 0.8999999761581421,
            "intensity_modifier": 29.0,
            "kernel_side": 30,
            "kernel_sigma": 5.0,
            "method": "specdiff",
            "palette_modifier": 5.6020002365112305,
            "static_palette": true,
            "type": "energy"
        },
        {
            "brightness": 1.0,
            "color_blend": 0.0010000000474974513,
            "color_fade": 0.007000000216066837,
            "color_threshold": 0.0,
            "envelope": 0.8999999761581421,
            "intensity_modifier": 29.0,
            "kernel_side": 30,
            "kernel_sigma": 5.0,
            "method": "specdiff",
            "palette_modifier": 5.6020002365112305,
            "static_palette": true,
            "type": "energy"
        }
    ]
}