{
    "modules": {
        "band_peak": {
            "bass_threshold": 180.0,
            "mid_threshold": 300.0,
            "timeout": 300,
            "treble_threshold": 200.0
        },
        "filter": {
            "active": false,
            "frequency_center": 200.0,
            "gain": 0.0,
            "q_intensity": 0.30000001192092896,
            "type": "low_pass"
        },
        "filter_bank": {
            "filters": 108,
            "high_freq": 5501.828125,
            "low_freq": 17.39299964904785,
            "power": 1.4279999732971191
        },
        "onset": {
            "method": "default",
            "min_interval": 160.0,
            "silence": -20.0,
            "threshold": 0.30000001192092896
        },
        "pitch": {
            "method": "default"
        },
        "tempo": {
            "beat_threshold": -15.0,
            "silence": -15.0,
            "skewness_threshold": 2.0,
            "threshold": 0.30000001192092896
        }
    },
    "sequencers": [
        {
            "blend_down": 0.10300000011920929,
            "blend_up": 0.04100000113248825,
            "brightness": 1.0,
            "color_increase": 4.056000232696533,
            "power": 1.940999984741211,
            "threshold": 0.47099998593330383,
            "type": "filter_bank"
        }
    ]
}