{
    "sequencers": [
        {
            "brightness": 1.0,
            "color_modifier": 0.10499999672174454,
            "direction": false,
            "gain": 0.34299999475479126,
            "hfc_amount": 0.07000000029802322,
            "hfc_modifier": 0.04100000113248825,
            "method": "energy",
            "mirror": false,
            "octaves": 4,
            "offset": 0.1080000028014183,
            "palette_modifier": 3.375999927520752,
            "persistence": 1.3839999437332153,
            "position_amount": 0.012000000104308128,
            "power": 9.10099983215332,
            "threshold": 0.0,
            "time_delta": 0.0,
            "type": "noise",
            "waviness": 1.0460000038146973
        },
        {
            "brightness": 1.0,
            "color_modifier": 0.10499999672174454,
            "direction": false,
            "gain": 0.34299999475479126,
            "hfc_amount": 0.07000000029802322,
            "hfc_modifier": 0.04100000113248825,
            "method": "energy",
            "mirror": false,
            "octaves": 4,
            "offset": 0.1080000028014183,
            "palette_modifier": 3.375999927520752,
            "persistence": 1.3839999437332153,
            "position_amount": 0.012000000104308128,
            "power": 9.10099983215332,
            "threshold": 0.0,
            "time_delta": 0.0,
            "type": "noise",
            "waviness": 1.0460000038146973
        },
        {
            "brightness": 1.0,
            "color_modifier": 0.10499999672174454,
            "direction": false,
            "gain": 0.34299999475479126,
            "hfc_amount": 0.07000000029802322,
            "hfc_modifier": 0.04100000113248825,
            "method": "energy",
            "mirror": false,
            "octaves": 4,
            "offset": 0.1080000028014183,
            "palette_modifier": 3.375999927520752,
            "persistence": 1.3839999437332153,
            "position_amount": 0.012000000104308128,
            "power": 9.10099983215332,
            "threshold": 0.0,
            "time_delta": 0.0,
            "type": "noise",
            "waviness": 1.0460000038146973
        },
        {
            "brightness": 1.0,
            "color_modifier": 0.10499999672174454,
            "direction": false,
            "gain": 0.34299999475479126,
            "hfc_amount": 0.07000000029802322,
            "hfc_modifier": 0.04100000113248825,
            "method": "energy",
            "mirror": false,
            "octaves": 4,
            "offset": 0.1080000028014183,
            "palette_modifier": 3.375999927520752,
            "persistence": 1.3839999437332153,
            "position_amount": 0.012000000104308128,
            "power": 9.10099983215332,
            "threshold": 0.0,
            "time_delta": 0.0,
            "type": "noise",
            "waviness": 1.0460000038146973
        },
        {
            "brightness": 1.0,
            "color_modifier": 0.10499999672174454,
            "direction": false,
            "gain": 0.34299999475479126,
            "hfc_amount": 0.07000000029802322,
            "hfc_modifier": 0.04100000113248825,
            "method": "energy",
            "mirror": false,
            "octaves": 4,
            "offset": 0.1080000028014183,
            "palette_modifier": 3.375999927520752,
            "persistence": 1.3839999437332153,
            "position_amount": 0.012000000104308128,
            "power": 9.10099983215332,
            "threshold": 0.0,
            "time_delta": 0.0,
            "type": "noise",
            "waviness": 1.0460000038146973
        },
        {
            "brightness": 1.0,
            "color_modifier": 0.10499999672174454,
            "direction": false,
            "gain": 0.34299999475479126,
            "hfc_amount": 0.07000000029802322,
            "hfc_modifier": 0.04100000113248825,
            "method": "energy",
            "mirror": false,
            "octaves": 4,
            "offset": 0.1080000028014183,
            "palette_modifier": 3.375999927520752,
            "persistence": 1.3839999437332153,
            "position_amount": 0.012000000104308128,
            "power": 9.10099983215332,
            "threshold": 0.0,
            "time_delta": 0.0,
            "type": "noise",
            "waviness": 1.0460000038146973
        }
    ]
}