{
    "sequencers": [
        {
            "brightness": 1.0,
            "color_modifier": 0.09300000220537186,
            "direction": false,
            "gain": 2.684000015258789,
            "hfc_amount": 0.39800000190734863,
            "hfc_modifier": 0.23600000143051147,
            "method": "energy_normalized",
            "mirror": false,
            "octaves": 4,
            "offset": 1.13100004196167,
            "palette_modifier": 1.1979999542236328,
            "persistence": 0.8309999704360962,
            "power": 0.4569999873638153,
            "threshold": 0.0,
            "time_delta": 0.26499998569488525,
            "type": "noise",
            "waviness": 0.5540000200271606
        },
        {
            "brightness": 1.0,
            "color_modifier": 0.09300000220537186,
            "direction": false,
            "gain": 2.684000015258789,
            "hfc_amount": 0.39800000190734863,
            "hfc_modifier": 0.23600000143051147,
            "method": "energy_normalized",
            "mirror": false,
            "octaves": 4,
            "offset": 1.13100004196167,
            "palette_modifier": 1.1979999542236328,
            "persistence": 0.8309999704360962,
            "power": 0.4569999873638153,
            "threshold": 0.0,
            "time_delta": 0.26499998569488525,
            "type": "noise",
            "waviness": 0.5540000200271606
        },
        {
            "brightness": 1.0,
            "color_modifier": 0.09300000220537186,
            "direction": false,
            "gain": 2.684000015258789,
            "hfc_amount": 0.39800000190734863,
            "hfc_modifier": 0.23600000143051147,
            "method": "energy_normalized",
            "mirror": false,
            "octaves": 4,
            "offset": 1.13100004196167,
            "palette_modifier": 1.1979999542236328,
            "persistence": 0.8309999704360962,
            "power": 0.4569999873638153,
            "threshold": 0.0,
            "time_delta": 0.26499998569488525,
            "type": "noise",
            "waviness": 0.5540000200271606
        },
        {
            "brightness": 1.0,
            "color_modifier": 0.09300000220537186,
            "direction": false,
            "gain": 2.684000015258789,
            "hfc_amount": 0.39800000190734863,
            "hfc_modifier": 0.23600000143051147,
            "method": "energy_normalized",
            "mirror": false,
            "octaves": 4,
            "offset": 1.13100004196167,
            "palette_modifier": 1.1979999542236328,
            "persistence": 0.8309999704360962,
            "power": 0.4569999873638153,
            "threshold": 0.0,
            "time_delta": 0.26499998569488525,
            "type": "noise",
            "waviness": 0.5540000200271606
        },
        {
            "brightness": 1.0,
            "color_modifier": 0.09300000220537186,
            "direction": false,
            "gain": 2.684000015258789,
            "hfc_amount": 0.39800000190734863,
            "hfc_modifier": 0.23600000143051147,
            "method": "energy_normalized",
            "mirror": false,
            "octaves": 4,
            "offset": 1.13100004196167,
            "palette_modifier": 1.1979999542236328,
            "persistence": 0.8309999704360962,
            "power": 0.4569999873638153,
            "threshold": 0.0,
            "time_delta": 0.26499998569488525,
            "type": "noise",
            "waviness": 0.5540000200271606
        },
        {
            "brightness": 1.0,
            "color_modifier": 0.09300000220537186,
            "direction": false,
            "gain": 2.684000015258789,
            "hfc_amount": 0.39800000190734863,
            "hfc_modifier": 0.23600000143051147,
            "method": "energy_normalized",
            "mirror": false,
            "octaves": 4,
            "offset": 1.13100004196167,
            "palette_modifier": 1.1979999542236328,
            "persistence": 0.8309999704360962,
            "power": 0.4569999873638153,
            "threshold": 0.0,
            "time_delta": 0.26499998569488525,
            "type": "noise",
            "waviness": 0.5540000200271606
        }
    ]
}