{
    "sequencers": [
        {
            "brightness": 1.0,
            "color_modifier": 0.02199999988079071,
            "direction": false,
            "gain": 2.010999917984009,
            "hfc_amount": 0.035999998450279236,
            "hfc_modifier": 0.06499999761581421,
            "method": "pressure_normalized",
            "mirror": false,
            "octaves": 3,
            "offset": 1.2699999809265137,
            "palette_modifier": 0.949999988079071,
            "persistence": 3.7769999504089355,
            "position_amount": 0.0010000000474974513,
            "power": 0.0860000029206276,
            "threshold": 0.0,
            "time_delta": 0.017000000923871994,
            "type": "noise",
            "waviness": 0.05000000074505806
        },
        {
            "brightness": 1.0,
            "color_modifier": 0.10499999672174454,
            "direction": false,
            "gain": 2.9549999237060547,
            "hfc_amount": 0.07000000029802322,
            "hfc_modifier": 0.04100000113248825,
            "method": "quarter_beat",
            "mirror": false,
            "octaves": 4,
            "offset": 1.9739999771118164,
            "palette_modifier": 0.8970000147819519,
            "persistence": 1.3839999437332153,
            "position_amount": 0.012000000104308128,
            "power": 9.10099983215332,
            "threshold": 0.40299999713897705,
            "time_delta": 0.0,
            "type": "noise",
            "waviness": 1.0460000038146973
        },
        {
            "brightness": 1.0,
            "color_modifier": 0.10499999672174454,
            "direction": false,
            "gain": 2.9549999237060547,
            "hfc_amount": 0.07000000029802322,
            "hfc_modifier": 0.04100000113248825,
            "method": "quarter_beat",
            "mirror": false,
            "octaves": 4,
            "offset": 1.9739999771118164,
            "palette_modifier": 0.8970000147819519,
            "persistence": 1.3839999437332153,
            "position_amount": 0.012000000104308128,
            "power": 9.10099983215332,
            "threshold": 0.40299999713897705,
            "time_delta": 0.0,
            "type": "noise",
            "waviness": 1.0460000038146973
        },
        {
            "brightness": 1.0,
            "color_modifier": 0.10499999672174454,
            "direction": false,
            "gain": 2.9549999237060547,
            "hfc_amount": 0.07000000029802322,
            "hfc_modifier": 0.04100000113248825,
            "method": "quarter_beat",
            "mirror": false,
            "octaves": 4,
            "offset": 1.9739999771118164,
            "palette_modifier": 0.8970000147819519,
            "persistence": 1.3839999437332153,
            "position_amount": 0.012000000104308128,
            "power": 9.10099983215332,
            "threshold": 0.40299999713897705,
            "time_delta": 0.0,
            "type": "noise",
            "waviness": 1.0460000038146973
        },
        {
            "brightness": 1.0,
            "color_modifier": 0.10499999672174454,
            "direction": false,
            "gain": 2.9549999237060547,
            "hfc_amount": 0.07000000029802322,
            "hfc_modifier": 0.04100000113248825,
            "method": "quarter_beat",
            "mirror": false,
            "octaves": 4,
            "offset": 1.9739999771118164,
            "palette_modifier": 0.8970000147819519,
            "persistence": 1.3839999437332153,
            "position_amount": 0.012000000104308128,
            "power": 9.10099983215332,
            "threshold": 0.40299999713897705,
            "time_delta": 0.0,
            "type": "noise",
            "waviness": 1.0460000038146973
        },
        {
            "brightness": 1.0,
            "color_modifier": 0.10499999672174454,
            "direction": false,
            "gain": 2.9549999237060547,
            "hfc_amount": 0.07000000029802322,
            "hfc_modifier": 0.04100000113248825,
            "method": "quarter_beat",
            "mirror": false,
            "octaves": 4,
            "offset": 1.9739999771118164,
            "palette_modifier": 0.8970000147819519,
            "persistence": 1.3839999437332153,
            "position_amount": 0.012000000104308128,
            "power": 9.10099983215332,
            "threshold": 0.40299999713897705,
            "time_delta": 0.0,
            "type": "noise",
            "waviness": 1.0460000038146973
        }
    ]
}