{
    "modules": {
        "filter": {
            "active": false,
            "frequency_center": 635.0,
            "gain": 2.0,
            "q_intensity": 0.9869999885559082,
            "type": "high_pass"
        },
        "filter_bank": {
            "filters": 100,
            "high_freq": 10000.0,
            "low_freq": 40.0,
            "power": 1.2999999523162842
        },
        "onset": {
            "method": "default",
            "min_interval": 160.0,
            "silence": -20.0,
            "threshold": 0.30000001192092896
        },
        "pitch": {
            "method": "default"
        },
        "tempo": {
            "beat_threshold": -15.0,
            "silence": -15.0,
            "skewness_threshold": 2.0,
            "threshold": 0.30000001192092896
        }
    },
    "sequencers": [
        {
            "bottom_offset": 33,
            "brightness": 0.9856815338134766,
            "color_blend": 0.3009999990463257,
            "color_fade": 0.1509999930858612,
            "color_threshold": 0.07999999821186066,
            "intensity_modifier": 8.765999794006348,
            "kernel_side": 3,
            "kernel_sigma": 1.2239999771118164,
            "mirror": false,
            "palette_modifier": 3.2790000438690186,
            "pitch_scale": 0.9430000185966492,
            "snap": 1,
            "type": "pitch"
        },
        {
            "bottom_offset": 33,
            "brightness": 0.9856815338134766,
            "color_blend": 0.3009999990463257,
            "color_fade": 0.1509999930858612,
            "color_threshold": 0.07999999821186066,
            "intensity_modifier": 8.765999794006348,
            "kernel_side": 3,
            "kernel_sigma": 1.2239999771118164,
            "mirror": false,
            "palette_modifier": 3.2790000438690186,
            "pitch_scale": 0.9430000185966492,
            "snap": 1,
            "type": "pitch"
        },
        {
            "bottom_offset": 33,
            "brightness": 0.9856815338134766,
            "color_blend": 0.3009999990463257,
            "color_fade": 0.1509999930858612,
            "color_threshold": 0.07999999821186066,
            "intensity_modifier": 8.765999794006348,
            "kernel_side": 3,
            "kernel_sigma": 1.2239999771118164,
            "mirror": false,
            "palette_modifier": 3.2790000438690186,
            "pitch_scale": 0.9430000185966492,
            "snap": 1,
            "type": "pitch"
        },
        {
            "bottom_offset": 33,
            "brightness": 0.9856815338134766,
            "color_blend": 0.3009999990463257,
            "color_fade": 0.1509999930858612,
            "color_threshold": 0.07999999821186066,
            "intensity_modifier": 8.765999794006348,
            "kernel_side": 3,
            "kernel_sigma": 1.2239999771118164,
            "mirror": false,
            "palette_modifier": 3.2790000438690186,
            "pitch_scale": 0.9430000185966492,
            "snap": 1,
            "type": "pitch"
        }
    ]
}