{
    "modules": {
        "filter": {
            "active": false,
            "frequency_center": 200.0,
            "gain": 0.0,
            "q_intensity": 0.30000001192092896,
            "type": "low_pass"
        },
        "filter_bank": {
            "filters": 100,
            "high_freq": 10000.0,
            "low_freq": 40.0,
            "power": 1.2999999523162842
        },
        "onset": {
            "method": "complex",
            "min_interval": 190.0,
            "silence": -20.0,
            "threshold": 0.06400000303983688
        },
        "pitch": {
            "method": "default"
        },
        "tempo": {
            "beat_threshold": -15.0,
            "silence": -15.0,
            "skewness_threshold": 2.0,
            "threshold": 0.30000001192092896
        }
    },
    "sequencers": [
        {
            "brightness": 0.9856815338134766,
            "color_blend": 0.8980000019073486,
            "color_increase": 0.25699999928474426,
            "direction": false,
            "energy_velocity": false,
            "fade_blend": 0.31700000166893005,
            "initial_snake_velocity": 0.31700000166893005,
            "max_snakes": 22,
            "mirror": false,
            "snake_length": 4,
            "trigger": "onset",
            "type": "snakes",
            "velocity_decay": 0.0,
            "velocity_threshold": 0.0
        },
        {
            "brightness": 0.9856815338134766,
            "color_blend": 0.8980000019073486,
            "color_increase": 0.25699999928474426,
            "direction": false,
            "energy_velocity": false,
            "fade_blend": 0.31700000166893005,
            "initial_snake_velocity": 0.31700000166893005,
            "max_snakes": 22,
            "mirror": false,
            "snake_length": 4,
            "trigger": "onset",
            "type": "snakes",
            "velocity_decay": 0.0,
            "velocity_threshold": 0.0
        },
        {
            "brightness": 0.9856815338134766,
            "color_blend": 0.8980000019073486,
            "color_increase": 0.25699999928474426,
            "direction": false,
            "energy_velocity": false,
            "fade_blend": 0.31700000166893005,
            "initial_snake_velocity": 0.31700000166893005,
            "max_snakes": 22,
            "mirror": false,
            "snake_length": 4,
            "trigger": "onset",
            "type": "snakes",
            "velocity_decay": 0.0,
            "velocity_threshold": 0.0
        },
        {
            "brightness": 0.9856815338134766,
            "color_blend": 0.8980000019073486,
            "color_increase": 0.25699999928474426,
            "direction": false,
            "energy_velocity": false,
            "fade_blend": 0.31700000166893005,
            "initial_snake_velocity": 0.31700000166893005,
            "max_snakes": 22,
            "mirror": false,
            "snake_length": 4,
            "trigger": "onset",
            "type": "snakes",
            "velocity_decay": 0.0,
            "velocity_threshold": 0.0
        }
    ]
}