{
    "modules": {
        "filter": {
            "active": false,
            "frequency_center": 200.0,
            "gain": 0.0,
            "q_intensity": 0.30000001192092896,
            "type": "low_pass"
        },
        "filter_bank": {
            "filters": 100,
            "high_freq": 10000.0,
            "low_freq": 40.0,
            "power": 1.2999999523162842
        },
        "onset": {
            "method": "mkl",
            "min_interval": 1.0,
            "silence": -18.0,
            "threshold": 0.3869999945163727
        },
        "pitch": {
            "method": "default"
        },
        "tempo": {
            "beat_threshold": -15.0,
            "silence": -15.0,
            "skewness_threshold": 2.0,
            "threshold": 0.30000001192092896
        }
    },
    "sequencers": [
        {
            "brightness": 1.0,
            "color_blend": 0.9120000004768372,
            "color_increase": 1.0369999408721924,
            "direction": false,
            "energy_velocity": false,
            "fade_blend": 0.2680000066757202,
            "initial_snake_velocity": 0.6859999895095825,
            "max_snakes": 29,
            "mirror": false,
            "snake_length": 1,
            "trigger": "onset",
            "type": "snakes",
            "velocity_decay": 0.004999999888241291,
            "velocity_threshold": 0.0
        },
        {
            "brightness": 1.0,
            "color_blend": 0.9120000004768372,
            "color_increase": 1.0369999408721924,
            "direction": false,
            "energy_velocity": false,
            "fade_blend": 0.2680000066757202,
            "initial_snake_velocity": 0.6859999895095825,
            "max_snakes": 29,
            "mirror": false,
            "snake_length": 1,
            "trigger": "onset",
            "type": "snakes",
            "velocity_decay": 0.004999999888241291,
            "velocity_threshold": 0.0
        },
        {
            "brightness": 1.0,
            "color_blend": 0.9120000004768372,
            "color_increase": 1.0369999408721924,
            "direction": false,
            "energy_velocity": false,
            "fade_blend": 0.2680000066757202,
            "initial_snake_velocity": 0.6859999895095825,
            "max_snakes": 29,
            "mirror": false,
            "snake_length": 1,
            "trigger": "onset",
            "type": "snakes",
            "velocity_decay": 0.004999999888241291,
            "velocity_threshold": 0.0
        },
        {
            "brightness": 1.0,
            "color_blend": 0.9120000004768372,
            "color_increase": 1.0369999408721924,
            "direction": false,
            "energy_velocity": false,
            "fade_blend": 0.2680000066757202,
            "initial_snake_velocity": 0.6859999895095825,
            "max_snakes": 29,
            "mirror": false,
            "snake_length": 1,
            "trigger": "onset",
            "type": "snakes",
            "velocity_decay": 0.004999999888241291,
            "velocity_threshold": 0.0
        }
    ]
}