{
    "modules": {
        "filter": {
            "active": false,
            "frequency_center": 200.0,
            "gain": 0.0,
            "q_intensity": 0.30000001192092896,
            "type": "low_pass"
        },
        "filter_bank": {
            "filters": 100,
            "high_freq": 10000.0,
            "low_freq": 40.0,
            "power": 1.2999999523162842
        },
        "onset": {
            "method": "default",
            "min_interval": 25.0,
            "silence": -20.0,
            "threshold": -0.004999999888241291
        },
        "pitch": {
            "method": "default"
        },
        "tempo": {
            "beat_threshold": -15.0,
            "silence": -15.0,
            "skewness_threshold": 2.0,
            "threshold": 0.30000001192092896
        }
    },
    "sequencers": [
        {
            "brightness": 0.9856815338134766,
            "color_blend": 0.8500000238418579,
            "color_increase": 1.4479999542236328,
            "direction": false,
            "energy_velocity": true,
            "fade_blend": 0.4819999933242798,
            "initial_snake_velocity": 8.0,
            "max_snakes": 20,
            "mirror": true,
            "snake_length": 3,
            "trigger": "onset",
            "type": "snakes",
            "velocity_decay": 0.007000000216066837,
            "velocity_threshold": 0.004000000189989805
        },
        {
            "brightness": 0.9856815338134766,
            "color_blend": 0.8500000238418579,
            "color_increase": 1.4479999542236328,
            "direction": false,
            "energy_velocity": true,
            "fade_blend": 0.4819999933242798,
            "initial_snake_velocity": 8.0,
            "max_snakes": 20,
            "mirror": true,
            "snake_length": 3,
            "trigger": "onset",
            "type": "snakes",
            "velocity_decay": 0.007000000216066837,
            "velocity_threshold": 0.004000000189989805
        },
        {
            "brightness": 0.9856815338134766,
            "color_blend": 0.8500000238418579,
            "color_increase": 1.4479999542236328,
            "direction": false,
            "energy_velocity": true,
            "fade_blend": 0.4819999933242798,
            "initial_snake_velocity": 8.0,
            "max_snakes": 20,
            "mirror": true,
            "snake_length": 3,
            "trigger": "onset",
            "type": "snakes",
            "velocity_decay": 0.007000000216066837,
            "velocity_threshold": 0.004000000189989805
        },
        {
            "brightness": 0.9856815338134766,
            "color_blend": 0.8500000238418579,
            "color_increase": 1.4479999542236328,
            "direction": false,
            "energy_velocity": true,
            "fade_blend": 0.4819999933242798,
            "initial_snake_velocity": 8.0,
            "max_snakes": 20,
            "mirror": true,
            "snake_length": 3,
            "trigger": "onset",
            "type": "snakes",
            "velocity_decay": 0.007000000216066837,
            "velocity_threshold": 0.004000000189989805
        }
    ]
}