{
    "modules": {
        "band_peak": {
            "bass_threshold": 230.0,
            "mid_threshold": 300.0,
            "timeout": 140,
            "treble_threshold": 200.0
        },
        "filter": {
            "active": false,
            "frequency_center": 200.0,
            "gain": 0.0,
            "q_intensity": 0.30000001192092896,
            "type": "low_pass"
        },
        "filter_bank": {
            "filters": 100,
            "high_freq": 10000.0,
            "low_freq": 40.0,
            "power": 1.2999999523162842
        },
        "onset": {
            "method": "default",
            "min_interval": 160.0,
            "silence": -20.0,
            "threshold": 0.30000001192092896
        },
        "pitch": {
            "method": "default"
        },
        "tempo": {
            "beat_threshold": -15.0,
            "silence": -15.0,
            "skewness_threshold": 2.0,
            "threshold": 0.30000001192092896
        }
    },
    "sequencers": [
        {
            "brightness": 1.0,
            "color_blend": 0.8500000238418579,
            "color_increase": 0.4359999895095825,
            "direction": false,
            "energy_velocity": false,
            "fade_blend": 0.26899999380111694,
            "initial_snake_velocity": 2.7850000858306885,
            "max_snakes": 30,
            "mirror": true,
            "snake_length": 5,
            "trigger": "bass_band",
            "type": "snakes",
            "velocity_decay": 0.0,
            "velocity_threshold": 0.12999999523162842
        },
        {
            "brightness": 1.0,
            "color_blend": 0.8500000238418579,
            "color_increase": 0.4359999895095825,
            "direction": false,
            "energy_velocity": false,
            "fade_blend": 0.26899999380111694,
            "initial_snake_velocity": 2.7850000858306885,
            "max_snakes": 30,
            "mirror": true,
            "snake_length": 5,
            "trigger": "bass_band",
            "type": "snakes",
            "velocity_decay": 0.0,
            "velocity_threshold": 0.12999999523162842
        },
        {
            "brightness": 1.0,
            "color_blend": 0.8500000238418579,
            "color_increase": 0.4359999895095825,
            "direction": false,
            "energy_velocity": false,
            "fade_blend": 0.26899999380111694,
            "initial_snake_velocity": 2.7850000858306885,
            "max_snakes": 30,
            "mirror": true,
            "snake_length": 5,
            "trigger": "bass_band",
            "type": "snakes",
            "velocity_decay": 0.0,
            "velocity_threshold": 0.12999999523162842
        },
        {
            "brightness": 1.0,
            "color_blend": 0.8500000238418579,
            "color_increase": 0.4359999895095825,
            "direction": false,
            "energy_velocity": false,
            "fade_blend": 0.26899999380111694,
            "initial_snake_velocity": 2.7850000858306885,
            "max_snakes": 30,
            "mirror": true,
            "snake_length": 5,
            "trigger": "bass_band",
            "type": "snakes",
            "velocity_decay": 0.0,
            "velocity_threshold": 0.12999999523162842
        }
    ]
}