{
    "modules": {
        "band_peak": {
            "bass_threshold": 180.0,
            "mid_threshold": 300.0,
            "timeout": 300,
            "treble_threshold": 200.0
        },
        "filter": {
            "active": false,
            "frequency_center": 200.0,
            "gain": 0.0,
            "q_intensity": 0.30000001192092896,
            "type": "low_pass"
        },
        "filter_bank": {
            "filters": 100,
            "high_freq": 10000.0,
            "low_freq": 40.0,
            "power": 1.2999999523162842
        },
        "onset": {
            "method": "default",
            "min_interval": 160.0,
            "silence": -20.0,
            "threshold": 0.30000001192092896
        },
        "pitch": {
            "method": "default"
        },
        "tempo": {
            "beat_threshold": -15.0,
            "silence": -15.0,
            "skewness_threshold": 2.0,
            "threshold": 0.30000001192092896
        }
    },
    "sequencers": [
        {
            "brightness": 1.0,
            "color_blend": 0.4000000059604645,
            "color_fade": 0.33000001311302185,
            "color_threshold": 0.03500000014901161,
            "envelope": 0.35600000619888306,
            "intensity_modifier": 4.821000099182129,
            "kernel_side": 6,
            "kernel_sigma": 0.859000027179718,
            "min_level": 0.00800000037997961,
            "palette_modifier": 0.023000000044703484,
            "skewness": false,
            "snap": 1,
            "type": "star"
        }
    ]
}