{
    "sequencers": [
        {
            "brightness": 1.0,
            "color_blend": 1.0,
            "color_fade": 0.5740000009536743,
            "color_fade_energy": 0.24699999392032623,
            "color_threshold": 0.0,
            "envelope": 0.4569999873638153,
            "hfc_flicker": 0.125,
            "intensity_modifier": 3.0329999923706055,
            "kernel_side": 8,
            "kernel_sigma": 11.958000183105469,
            "min_level": 0.2460000067949295,
            "mirror": false,
            "palette_energy_modifier": 1.4079999923706055,
            "palette_modifier": 0.3610000014305115,
            "skewness": true,
            "snap": 1,
            "type": "star",
            "value_blend": 0.18799999356269836
        },
        {
            "brightness": 1.0,
            "color_blend": 1.0,
            "color_fade": 0.5740000009536743,
            "color_fade_energy": 0.24699999392032623,
            "color_threshold": 0.0,
            "envelope": 0.4569999873638153,
            "hfc_flicker": 0.125,
            "intensity_modifier": 3.0329999923706055,
            "kernel_side": 8,
            "kernel_sigma": 11.958000183105469,
            "min_level": 0.2460000067949295,
            "mirror": false,
            "palette_energy_modifier": 1.4079999923706055,
            "palette_modifier": 0.3610000014305115,
            "skewness": true,
            "snap": 1,
            "type": "star",
            "value_blend": 0.18799999356269836
        },
        {
            "brightness": 1.0,
            "color_blend": 1.0,
            "color_fade": 0.5740000009536743,
            "color_fade_energy": 0.24699999392032623,
            "color_threshold": 0.0,
            "envelope": 0.4569999873638153,
            "hfc_flicker": 0.125,
            "intensity_modifier": 3.0329999923706055,
            "kernel_side": 8,
            "kernel_sigma": 11.958000183105469,
            "min_level": 0.2460000067949295,
            "mirror": false,
            "palette_energy_modifier": 1.4079999923706055,
            "palette_modifier": 0.3610000014305115,
            "skewness": true,
            "snap": 1,
            "type": "star",
            "value_blend": 0.18799999356269836
        },
        {
            "brightness": 1.0,
            "color_blend": 1.0,
            "color_fade": 0.5740000009536743,
            "color_fade_energy": 0.24699999392032623,
            "color_threshold": 0.0,
            "envelope": 0.4569999873638153,
            "hfc_flicker": 0.125,
            "intensity_modifier": 3.0329999923706055,
            "kernel_side": 8,
            "kernel_sigma": 11.958000183105469,
            "min_level": 0.2460000067949295,
            "mirror": false,
            "palette_energy_modifier": 1.4079999923706055,
            "palette_modifier": 0.3610000014305115,
            "skewness": true,
            "snap": 1,
            "type": "star",
            "value_blend": 0.18799999356269836
        },
        {
            "brightness": 1.0,
            "color_blend": 1.0,
            "color_fade": 0.5740000009536743,
            "color_fade_energy": 0.24699999392032623,
            "color_threshold": 0.0,
            "envelope": 0.4569999873638153,
            "hfc_flicker": 0.125,
            "intensity_modifier": 3.0329999923706055,
            "kernel_side": 8,
            "kernel_sigma": 11.958000183105469,
            "min_level": 0.2460000067949295,
            "mirror": false,
            "palette_energy_modifier": 1.4079999923706055,
            "palette_modifier": 0.3610000014305115,
            "skewness": true,
            "snap": 1,
            "type": "star",
            "value_blend": 0.18799999356269836
        },
        {
            "brightness": 1.0,
            "color_blend": 1.0,
            "color_fade": 0.5740000009536743,
            "color_fade_energy": 0.24699999392032623,
            "color_threshold": 0.0,
            "envelope": 0.4569999873638153,
            "hfc_flicker": 0.125,
            "intensity_modifier": 3.0329999923706055,
            "kernel_side": 8,
            "kernel_sigma": 11.958000183105469,
            "min_level": 0.2460000067949295,
            "mirror": false,
            "palette_energy_modifier": 1.4079999923706055,
            "palette_modifier": 0.3610000014305115,
            "skewness": true,
            "snap": 1,
            "type": "star",
            "value_blend": 0.18799999356269836
        }
    ]
}