{
    "sequencers": [
        {
            "brightness": 1.0,
            "color_blend": 1.0,
            "color_fade": 0.5740000009536743,
            "color_fade_energy": 1.0,
            "color_threshold": 0.0,
            "envelope": 0.4269999861717224,
            "hfc_flicker": 1.0,
            "intensity_modifier": 24.048999786376953,
            "kernel_side": 26,
            "kernel_sigma": 22.679000854492188,
            "min_level": 0.07599999755620956,
            "mirror": false,
            "palette_energy_modifier": 6.464000225067139,
            "palette_modifier": 1.8539999723434448,
            "position_modifier": 3.996000051498413,
            "skewness": true,
            "snap": 1,
            "type": "star",
            "value_blend": 0.03999999910593033
        },
        {
            "brightness": 1.0,
            "color_blend": 1.0,
            "color_fade": 0.5740000009536743,
            "color_fade_energy": 1.0,
            "color_threshold": 0.0,
            "envelope": 0.4269999861717224,
            "hfc_flicker": 1.0,
            "intensity_modifier": 24.048999786376953,
            "kernel_side": 26,
            "kernel_sigma": 22.679000854492188,
            "min_level": 0.07599999755620956,
            "mirror": false,
            "palette_energy_modifier": 6.464000225067139,
            "palette_modifier": 1.8539999723434448,
            "position_modifier": 3.996000051498413,
            "skewness": true,
            "snap": 1,
            "type": "star",
            "value_blend": 0.03999999910593033
        },
        {
            "brightness": 1.0,
            "color_blend": 1.0,
            "color_fade": 0.5740000009536743,
            "color_fade_energy": 1.0,
            "color_threshold": 0.0,
            "envelope": 0.4269999861717224,
            "hfc_flicker": 1.0,
            "intensity_modifier": 24.048999786376953,
            "kernel_side": 26,
            "kernel_sigma": 22.679000854492188,
            "min_level": 0.07599999755620956,
            "mirror": false,
            "palette_energy_modifier": 6.464000225067139,
            "palette_modifier": 1.8539999723434448,
            "position_modifier": 3.996000051498413,
            "skewness": true,
            "snap": 1,
            "type": "star",
            "value_blend": 0.03999999910593033
        },
        {
            "brightness": 1.0,
            "color_blend": 1.0,
            "color_fade": 0.5740000009536743,
            "color_fade_energy": 1.0,
            "color_threshold": 0.0,
            "envelope": 0.4269999861717224,
            "hfc_flicker": 1.0,
            "intensity_modifier": 24.048999786376953,
            "kernel_side": 26,
            "kernel_sigma": 22.679000854492188,
            "min_level": 0.07599999755620956,
            "mirror": false,
            "palette_energy_modifier": 6.464000225067139,
            "palette_modifier": 1.8539999723434448,
            "position_modifier": 3.996000051498413,
            "skewness": true,
            "snap": 1,
            "type": "star",
            "value_blend": 0.03999999910593033
        },
        {
            "brightness": 1.0,
            "color_blend": 1.0,
            "color_fade": 0.5740000009536743,
            "color_fade_energy": 1.0,
            "color_threshold": 0.0,
            "envelope": 0.4269999861717224,
            "hfc_flicker": 1.0,
            "intensity_modifier": 24.048999786376953,
            "kernel_side": 26,
            "kernel_sigma": 22.679000854492188,
            "min_level": 0.07599999755620956,
            "mirror": false,
            "palette_energy_modifier": 6.464000225067139,
            "palette_modifier": 1.8539999723434448,
            "position_modifier": 3.996000051498413,
            "skewness": true,
            "snap": 1,
            "type": "star",
            "value_blend": 0.03999999910593033
        },
        {
            "brightness": 1.0,
            "color_blend": 1.0,
            "color_fade": 0.5740000009536743,
            "color_fade_energy": 1.0,
            "color_threshold": 0.0,
            "envelope": 0.4269999861717224,
            "hfc_flicker": 1.0,
            "intensity_modifier": 24.048999786376953,
            "kernel_side": 26,
            "kernel_sigma": 22.679000854492188,
            "min_level": 0.07599999755620956,
            "mirror": false,
            "palette_energy_modifier": 6.464000225067139,
            "palette_modifier": 1.8539999723434448,
            "position_modifier": 3.996000051498413,
            "skewness": true,
            "snap": 1,
            "type": "star",
            "value_blend": 0.03999999910593033
        }
    ]
}