{
    "sequencers": [
        {
            "brightness": 1.0,
            "color_blend": 1.0,
            "color_fade": 0.44600000977516174,
            "color_fade_energy": 0.24699999392032623,
            "color_threshold": 0.0,
            "envelope": 1.7660000324249268,
            "hfc_flicker": 1.0,
            "intensity_modifier": 79.63999938964844,
            "kernel_side": 15,
            "kernel_sigma": 14.07699966430664,
            "min_level": 0.0,
            "mirror": false,
            "palette_energy_modifier": 8.791000366210938,
            "palette_modifier": 1.8539999723434448,
            "position_modifier": 16.547000885009766,
            "skewness": true,
            "snap": 1,
            "type": "star",
            "value_blend": 0.8880000114440918
        },
        {
            "brightness": 1.0,
            "color_blend": 1.0,
            "color_fade": 0.5740000009536743,
            "color_fade_energy": 0.24699999392032623,
            "color_threshold": 0.0,
            "envelope": 0.4269999861717224,
            "hfc_flicker": 0.17100000381469727,
            "intensity_modifier": 24.048999786376953,
            "kernel_side": 4,
            "kernel_sigma": 2.8259999752044678,
            "min_level": 0.30000001192092896,
            "mirror": false,
            "palette_energy_modifier": 3.4059998989105225,
            "palette_modifier": 1.8539999723434448,
            "position_modifier": 7.414999961853027,
            "skewness": true,
            "snap": 1,
            "type": "star",
            "value_blend": 0.5920000076293945
        },
        {
            "brightness": 1.0,
            "color_blend": 1.0,
            "color_fade": 0.5740000009536743,
            "color_fade_energy": 0.24699999392032623,
            "color_threshold": 0.0,
            "envelope": 0.4269999861717224,
            "hfc_flicker": 0.17100000381469727,
            "intensity_modifier": 24.048999786376953,
            "kernel_side": 4,
            "kernel_sigma": 2.8259999752044678,
            "min_level": 0.30000001192092896,
            "mirror": false,
            "palette_energy_modifier": 3.4059998989105225,
            "palette_modifier": 1.8539999723434448,
            "position_modifier": 7.414999961853027,
            "skewness": true,
            "snap": 1,
            "type": "star",
            "value_blend": 0.5920000076293945
        },
        {
            "brightness": 1.0,
            "color_blend": 1.0,
            "color_fade": 0.5740000009536743,
            "color_fade_energy": 0.24699999392032623,
            "color_threshold": 0.0,
            "envelope": 0.4269999861717224,
            "hfc_flicker": 0.17100000381469727,
            "intensity_modifier": 24.048999786376953,
            "kernel_side": 4,
            "kernel_sigma": 2.8259999752044678,
            "min_level": 0.30000001192092896,
            "mirror": false,
            "palette_energy_modifier": 3.4059998989105225,
            "palette_modifier": 1.8539999723434448,
            "position_modifier": 7.414999961853027,
            "skewness": true,
            "snap": 1,
            "type": "star",
            "value_blend": 0.5920000076293945
        },
        {
            "brightness": 1.0,
            "color_blend": 1.0,
            "color_fade": 0.5740000009536743,
            "color_fade_energy": 0.24699999392032623,
            "color_threshold": 0.0,
            "envelope": 0.4269999861717224,
            "hfc_flicker": 0.17100000381469727,
            "intensity_modifier": 24.048999786376953,
            "kernel_side": 4,
            "kernel_sigma": 2.8259999752044678,
            "min_level": 0.30000001192092896,
            "mirror": false,
            "palette_energy_modifier": 3.4059998989105225,
            "palette_modifier": 1.8539999723434448,
            "position_modifier": 7.414999961853027,
            "skewness": true,
            "snap": 1,
            "type": "star",
            "value_blend": 0.5920000076293945
        },
        {
            "brightness": 1.0,
            "color_blend": 1.0,
            "color_fade": 0.5740000009536743,
            "color_fade_energy": 0.24699999392032623,
            "color_threshold": 0.0,
            "envelope": 0.4269999861717224,
            "hfc_flicker": 0.17100000381469727,
            "intensity_modifier": 24.048999786376953,
            "kernel_side": 4,
            "kernel_sigma": 2.8259999752044678,
            "min_level": 0.30000001192092896,
            "mirror": false,
            "palette_energy_modifier": 3.4059998989105225,
            "palette_modifier": 1.8539999723434448,
            "position_modifier": 7.414999961853027,
            "skewness": true,
            "snap": 1,
            "type": "star",
            "value_blend": 0.5920000076293945
        }
    ]
}