{
    "sequencers": [
        {
            "brightness": 1.0,
            "color_blend": 1.0,
            "color_fade": 0.3140000104904175,
            "color_fade_energy": 0.24899999797344208,
            "color_threshold": 0.0,
            "envelope": 1.1859999895095825,
            "hfc_flicker": 0.9350000023841858,
            "intensity_modifier": 21.413000106811523,
            "kernel_side": 30,
            "kernel_sigma": 7.409999847412109,
            "min_level": 0.2529999911785126,
            "mirror": false,
            "palette_energy_modifier": 2.4679999351501465,
            "palette_modifier": 0.012000000104308128,
            "skewness": true,
            "snap": 1,
            "type": "star",
            "value_blend": 0.3319999873638153
        },
        {
            "brightness": 1.0,
            "color_blend": 1.0,
            "color_fade": 0.3140000104904175,
            "color_fade_energy": 0.24899999797344208,
            "color_threshold": 0.0,
            "envelope": 1.1859999895095825,
            "hfc_flicker": 0.9350000023841858,
            "intensity_modifier": 21.413000106811523,
            "kernel_side": 30,
            "kernel_sigma": 7.409999847412109,
            "min_level": 0.2529999911785126,
            "mirror": false,
            "palette_energy_modifier": 2.4679999351501465,
            "palette_modifier": 0.012000000104308128,
            "skewness": true,
            "snap": 1,
            "type": "star",
            "value_blend": 0.3319999873638153
        },
        {
            "brightness": 1.0,
            "color_blend": 1.0,
            "color_fade": 0.3140000104904175,
            "color_fade_energy": 0.24899999797344208,
            "color_threshold": 0.0,
            "envelope": 1.1859999895095825,
            "hfc_flicker": 0.9350000023841858,
            "intensity_modifier": 21.413000106811523,
            "kernel_side": 30,
            "kernel_sigma": 7.409999847412109,
            "min_level": 0.2529999911785126,
            "mirror": false,
            "palette_energy_modifier": 2.4679999351501465,
            "palette_modifier": 0.012000000104308128,
            "skewness": true,
            "snap": 1,
            "type": "star",
            "value_blend": 0.3319999873638153
        },
        {
            "brightness": 1.0,
            "color_blend": 1.0,
            "color_fade": 0.3140000104904175,
            "color_fade_energy": 0.24899999797344208,
            "color_threshold": 0.0,
            "envelope": 1.1859999895095825,
            "hfc_flicker": 0.9350000023841858,
            "intensity_modifier": 21.413000106811523,
            "kernel_side": 30,
            "kernel_sigma": 7.409999847412109,
            "min_level": 0.2529999911785126,
            "mirror": false,
            "palette_energy_modifier": 2.4679999351501465,
            "palette_modifier": 0.012000000104308128,
            "skewness": true,
            "snap": 1,
            "type": "star",
            "value_blend": 0.3319999873638153
        },
        {
            "brightness": 1.0,
            "color_blend": 1.0,
            "color_fade": 0.3140000104904175,
            "color_fade_energy": 0.24899999797344208,
            "color_threshold": 0.0,
            "envelope": 1.1859999895095825,
            "hfc_flicker": 0.9350000023841858,
            "intensity_modifier": 21.413000106811523,
            "kernel_side": 30,
            "kernel_sigma": 7.409999847412109,
            "min_level": 0.2529999911785126,
            "mirror": false,
            "palette_energy_modifier": 2.4679999351501465,
            "palette_modifier": 0.012000000104308128,
            "skewness": true,
            "snap": 1,
            "type": "star",
            "value_blend": 0.3319999873638153
        },
        {
            "brightness": 1.0,
            "color_blend": 1.0,
            "color_fade": 0.3140000104904175,
            "color_fade_energy": 0.24899999797344208,
            "color_threshold": 0.0,
            "envelope": 1.1859999895095825,
            "hfc_flicker": 0.9350000023841858,
            "intensity_modifier": 21.413000106811523,
            "kernel_side": 30,
            "kernel_sigma": 7.409999847412109,
            "min_level": 0.2529999911785126,
            "mirror": false,
            "palette_energy_modifier": 2.4679999351501465,
            "palette_modifier": 0.012000000104308128,
            "skewness": true,
            "snap": 1,
            "type": "star",
            "value_blend": 0.3319999873638153
        }
    ]
}