{
    "modules": {
        "filter": {
            "active": false,
            "frequency_center": 200.0,
            "gain": 0.0,
            "q_intensity": 0.30000001192092896,
            "type": "low_pass"
        },
        "filter_bank": {
            "filters": 100,
            "high_freq": 10000.0,
            "low_freq": 40.0,
            "power": 1.2999999523162842
        },
        "onset": {
            "method": "default",
            "min_interval": 160.0,
            "silence": -20.0,
            "threshold": 0.30000001192092896
        },
        "pitch": {
            "method": "default"
        },
        "tempo": {
            "beat_threshold": -15.0,
            "silence": -15.0,
            "skewness_threshold": 2.0,
            "threshold": 0.30000001192092896
        }
    },
    "sequencers": [
        {
            "brightness": 1.0,
            "color_modifier": 0.3109999895095825,
            "direction": true,
            "method": "energy",
            "mirror": true,
            "palette_modifier": 0.3440000116825104,
            "power": 1.8769999742507935,
            "type": "waves",
            "waviness": 0.34200000762939453
        },
        {
            "brightness": 1.0,
            "color_modifier": 0.3109999895095825,
            "direction": true,
            "method": "energy",
            "mirror": true,
            "palette_modifier": 0.3440000116825104,
            "power": 1.8769999742507935,
            "type": "waves",
            "waviness": 0.34200000762939453
        },
        {
            "brightness": 1.0,
            "color_modifier": 0.3109999895095825,
            "direction": true,
            "method": "energy",
            "mirror": true,
            "palette_modifier": 0.3440000116825104,
            "power": 1.8769999742507935,
            "type": "waves",
            "waviness": 0.34200000762939453
        },
        {
            "brightness": 1.0,
            "color_modifier": 0.3109999895095825,
            "direction": true,
            "method": "energy",
            "mirror": true,
            "palette_modifier": 0.3440000116825104,
            "power": 1.8769999742507935,
            "type": "waves",
            "waviness": 0.34200000762939453
        }
    ]
}