{
    "sequencers": [
        {
            "brightness": 1.0,
            "color_modifier": 0.0729999989271164,
            "direction": true,
            "level_blend": 0.8759999871253967,
            "method": "snare_normalized",
            "mirror": false,
            "multiplier": 0.0,
            "octaves": 4,
            "palette_modifier": 0.7699999809265137,
            "persistence": 1.7690000534057617,
            "position_amount": 0.0010000000474974513,
            "power": 0.1120000034570694,
            "scale": 0.0010000000474974513,
            "sin_offset": -0.47699999809265137,
            "sin_power": 0.13500000536441803,
            "type": "waves",
            "waviness": 0.023000000044703484,
            "wavinessTwo": 0.6899999976158142
        },
        {
            "brightness": 1.0,
            "color_modifier": 0.0729999989271164,
            "direction": true,
            "level_blend": 0.8759999871253967,
            "method": "quarter_beat",
            "mirror": true,
            "multiplier": 0.0,
            "octaves": 4,
            "palette_modifier": 0.7699999809265137,
            "persistence": 1.7690000534057617,
            "position_amount": 0.0010000000474974513,
            "power": 0.28999999165534973,
            "scale": 0.0010000000474974513,
            "sin_offset": -0.4259999990463257,
            "sin_power": 0.23499999940395355,
            "type": "waves",
            "waviness": 0.1940000057220459,
            "wavinessTwo": 0.9739999771118164
        },
        {
            "brightness": 1.0,
            "color_modifier": 0.0729999989271164,
            "direction": true,
            "level_blend": 0.8759999871253967,
            "method": "quarter_beat",
            "mirror": true,
            "multiplier": 0.0,
            "octaves": 4,
            "palette_modifier": 0.7699999809265137,
            "persistence": 1.7690000534057617,
            "position_amount": 0.0010000000474974513,
            "power": 0.28999999165534973,
            "scale": 0.0010000000474974513,
            "sin_offset": -0.4259999990463257,
            "sin_power": 0.23499999940395355,
            "type": "waves",
            "waviness": 0.1940000057220459,
            "wavinessTwo": 0.9739999771118164
        },
        {
            "brightness": 1.0,
            "color_modifier": 0.0729999989271164,
            "direction": true,
            "level_blend": 0.8759999871253967,
            "method": "quarter_beat",
            "mirror": true,
            "multiplier": 0.0,
            "octaves": 4,
            "palette_modifier": 0.7699999809265137,
            "persistence": 1.7690000534057617,
            "position_amount": 0.0010000000474974513,
            "power": 0.28999999165534973,
            "scale": 0.0010000000474974513,
            "sin_offset": -0.4259999990463257,
            "sin_power": 0.23499999940395355,
            "type": "waves",
            "waviness": 0.1940000057220459,
            "wavinessTwo": 0.9739999771118164
        },
        {
            "brightness": 1.0,
            "color_modifier": 0.0729999989271164,
            "direction": true,
            "level_blend": 0.8759999871253967,
            "method": "quarter_beat",
            "mirror": true,
            "multiplier": 0.0,
            "octaves": 4,
            "palette_modifier": 0.7699999809265137,
            "persistence": 1.7690000534057617,
            "position_amount": 0.0010000000474974513,
            "power": 0.28999999165534973,
            "scale": 0.0010000000474974513,
            "sin_offset": -0.4259999990463257,
            "sin_power": 0.23499999940395355,
            "type": "waves",
            "waviness": 0.1940000057220459,
            "wavinessTwo": 0.9739999771118164
        },
        {
            "brightness": 1.0,
            "color_modifier": 0.0729999989271164,
            "direction": true,
            "level_blend": 0.8759999871253967,
            "method": "quarter_beat",
            "mirror": true,
            "multiplier": 0.0,
            "octaves": 4,
            "palette_modifier": 0.7699999809265137,
            "persistence": 1.7690000534057617,
            "position_amount": 0.0010000000474974513,
            "power": 0.28999999165534973,
            "scale": 0.0010000000474974513,
            "sin_offset": -0.4259999990463257,
            "sin_power": 0.23499999940395355,
            "type": "waves",
            "waviness": 0.1940000057220459,
            "wavinessTwo": 0.9739999771118164
        }
    ]
}