{
    "sequencers": [
        {
            "brightness": 1.0,
            "color_modifier": 0.035999998450279236,
            "direction": true,
            "level_blend": 0.8759999871253967,
            "method": "beat",
            "mirror": true,
            "multiplier": 0.009999999776482582,
            "octaves": 3,
            "palette_modifier": 0.39899998903274536,
            "persistence": 2.115000009536743,
            "position_amount": 0.039000000804662704,
            "power": 4.288000106811523,
            "scale": 1.7769999504089355,
            "sin_offset": -0.6119999885559082,
            "sin_power": 0.08799999952316284,
            "type": "waves",
            "waviness": 0.09099999815225601,
            "wavinessTwo": 0.5590000152587891
        },
        {
            "brightness": 1.0,
            "color_modifier": 0.039000000804662704,
            "direction": true,
            "level_blend": 0.8759999871253967,
            "method": "quarter_beat",
            "mirror": true,
            "multiplier": 0.009999999776482582,
            "octaves": 6,
            "palette_modifier": 1.5049999952316284,
            "persistence": 0.6980000138282776,
            "position_amount": 0.039000000804662704,
            "power": 0.5180000066757202,
            "scale": 0.009999999776482582,
            "sin_offset": -0.23399999737739563,
            "sin_power": 0.5920000076293945,
            "type": "waves",
            "waviness": 0.03999999910593033,
            "wavinessTwo": 1.0
        },
        {
            "brightness": 1.0,
            "color_modifier": 0.039000000804662704,
            "direction": true,
            "level_blend": 0.8759999871253967,
            "method": "quarter_beat",
            "mirror": true,
            "multiplier": 0.009999999776482582,
            "octaves": 6,
            "palette_modifier": 1.5049999952316284,
            "persistence": 0.6980000138282776,
            "position_amount": 0.039000000804662704,
            "power": 0.5180000066757202,
            "scale": 0.009999999776482582,
            "sin_offset": -0.23399999737739563,
            "sin_power": 0.5920000076293945,
            "type": "waves",
            "waviness": 0.03999999910593033,
            "wavinessTwo": 1.0
        },
        {
            "brightness": 1.0,
            "color_modifier": 0.039000000804662704,
            "direction": true,
            "level_blend": 0.8759999871253967,
            "method": "quarter_beat",
            "mirror": true,
            "multiplier": 0.009999999776482582,
            "octaves": 6,
            "palette_modifier": 1.5049999952316284,
            "persistence": 0.6980000138282776,
            "position_amount": 0.039000000804662704,
            "power": 0.5180000066757202,
            "scale": 0.009999999776482582,
            "sin_offset": -0.23399999737739563,
            "sin_power": 0.5920000076293945,
            "type": "waves",
            "waviness": 0.03999999910593033,
            "wavinessTwo": 1.0
        },
        {
            "brightness": 1.0,
            "color_modifier": 0.039000000804662704,
            "direction": true,
            "level_blend": 0.8759999871253967,
            "method": "quarter_beat",
            "mirror": true,
            "multiplier": 0.009999999776482582,
            "octaves": 6,
            "palette_modifier": 1.5049999952316284,
            "persistence": 0.6980000138282776,
            "position_amount": 0.039000000804662704,
            "power": 0.5180000066757202,
            "scale": 0.009999999776482582,
            "sin_offset": -0.23399999737739563,
            "sin_power": 0.5920000076293945,
            "type": "waves",
            "waviness": 0.03999999910593033,
            "wavinessTwo": 1.0
        },
        {
            "brightness": 1.0,
            "color_modifier": 0.039000000804662704,
            "direction": true,
            "level_blend": 0.8759999871253967,
            "method": "quarter_beat",
            "mirror": true,
            "multiplier": 0.009999999776482582,
            "octaves": 6,
            "palette_modifier": 1.5049999952316284,
            "persistence": 0.6980000138282776,
            "position_amount": 0.039000000804662704,
            "power": 0.5180000066757202,
            "scale": 0.009999999776482582,
            "sin_offset": -0.23399999737739563,
            "sin_power": 0.5920000076293945,
            "type": "waves",
            "waviness": 0.03999999910593033,
            "wavinessTwo": 1.0
        }
    ]
}