{
    "modules": {
        "filter": {
            "active": false,
            "frequency_center": 200.0,
            "gain": 0.0,
            "q_intensity": 0.30000001192092896,
            "type": "low_pass"
        },
        "filter_bank": {
            "filters": 100,
            "high_freq": 10000.0,
            "low_freq": 40.0,
            "power": 1.2999999523162842
        },
        "onset": {
            "method": "default",
            "min_interval": 41.0,
            "silence": -20.0,
            "threshold": -0.1679999977350235
        },
        "pitch": {
            "method": "default"
        },
        "tempo": {
            "beat_threshold": -15.0,
            "silence": -15.0,
            "skewness_threshold": 2.0,
            "threshold": 0.30000001192092896
        }
    },
    "sequencers": [
        {
            "brightness": 0.9856815338134766,
            "color_blend": 0.9039999842643738,
            "color_increase": 0.3840000033378601,
            "direction": true,
            "energy_velocity": true,
            "fade_blend": 0.2290000021457672,
            "initial_wisp_velocity": 2.377000093460083,
            "live_color": false,
            "max_wisps": 51,
            "mirror": false,
            "random": true,
            "trigger_threshold": 0.3160000145435333,
            "type": "wisps",
            "velocity_decay": 0.04899999871850014,
            "velocity_threshold": 0.20200000703334808,
            "wisp_length": 4
        },
        {
            "brightness": 0.9856815338134766,
            "color_blend": 0.9039999842643738,
            "color_increase": 0.3840000033378601,
            "direction": true,
            "energy_velocity": true,
            "fade_blend": 0.2290000021457672,
            "initial_wisp_velocity": 2.377000093460083,
            "live_color": false,
            "max_wisps": 51,
            "mirror": false,
            "random": true,
            "trigger_threshold": 0.3160000145435333,
            "type": "wisps",
            "velocity_decay": 0.04899999871850014,
            "velocity_threshold": 0.20200000703334808,
            "wisp_length": 4
        },
        {
            "brightness": 0.9856815338134766,
            "color_blend": 0.9039999842643738,
            "color_increase": 0.3840000033378601,
            "direction": true,
            "energy_velocity": true,
            "fade_blend": 0.2290000021457672,
            "initial_wisp_velocity": 2.377000093460083,
            "live_color": false,
            "max_wisps": 51,
            "mirror": false,
            "random": true,
            "trigger_threshold": 0.3160000145435333,
            "type": "wisps",
            "velocity_decay": 0.04899999871850014,
            "velocity_threshold": 0.20200000703334808,
            "wisp_length": 4
        },
        {
            "brightness": 0.9856815338134766,
            "color_blend": 0.9039999842643738,
            "color_increase": 0.3840000033378601,
            "direction": true,
            "energy_velocity": true,
            "fade_blend": 0.2290000021457672,
            "initial_wisp_velocity": 2.377000093460083,
            "live_color": false,
            "max_wisps": 51,
            "mirror": false,
            "random": true,
            "trigger_threshold": 0.3160000145435333,
            "type": "wisps",
            "velocity_decay": 0.04899999871850014,
            "velocity_threshold": 0.20200000703334808,
            "wisp_length": 4
        }
    ]
}