{
    "sequencers": [
        {
            "brightness": 1.0,
            "color_blend": 0.9160000085830688,
            "color_fade_energy": 0.45500001311302185,
            "color_increase": 0.20100000500679016,
            "direction": true,
            "energy_velocity": true,
            "fade_blend": 0.21400000154972076,
            "hfc_flicker_amount": 0.8560000061988831,
            "initial_wisp_velocity": 1.9739999771118164,
            "live_color": false,
            "max_wisps": 20,
            "min_delay_frames": 1,
            "mirror": false,
            "random": true,
            "trigger": "energy_normalized",
            "trigger_threshold": 0.753000020980835,
            "type": "wisps",
            "velocity_decay": 0.052000001072883606,
            "velocity_threshold": 0.23100000619888306,
            "wisp_length": 8
        },
        {
            "brightness": 1.0,
            "color_blend": 0.9160000085830688,
            "color_fade_energy": 0.45500001311302185,
            "color_increase": 0.20100000500679016,
            "direction": true,
            "energy_velocity": true,
            "fade_blend": 0.21400000154972076,
            "hfc_flicker_amount": 0.8560000061988831,
            "initial_wisp_velocity": 1.9739999771118164,
            "live_color": false,
            "max_wisps": 20,
            "min_delay_frames": 1,
            "mirror": false,
            "random": true,
            "trigger": "energy_normalized",
            "trigger_threshold": 0.753000020980835,
            "type": "wisps",
            "velocity_decay": 0.052000001072883606,
            "velocity_threshold": 0.23100000619888306,
            "wisp_length": 8
        },
        {
            "brightness": 1.0,
            "color_blend": 0.9160000085830688,
            "color_fade_energy": 0.45500001311302185,
            "color_increase": 0.20100000500679016,
            "direction": true,
            "energy_velocity": true,
            "fade_blend": 0.21400000154972076,
            "hfc_flicker_amount": 0.8560000061988831,
            "initial_wisp_velocity": 1.9739999771118164,
            "live_color": false,
            "max_wisps": 20,
            "min_delay_frames": 1,
            "mirror": false,
            "random": true,
            "trigger": "energy_normalized",
            "trigger_threshold": 0.753000020980835,
            "type": "wisps",
            "velocity_decay": 0.052000001072883606,
            "velocity_threshold": 0.23100000619888306,
            "wisp_length": 8
        },
        {
            "brightness": 1.0,
            "color_blend": 0.9160000085830688,
            "color_fade_energy": 0.45500001311302185,
            "color_increase": 0.20100000500679016,
            "direction": true,
            "energy_velocity": true,
            "fade_blend": 0.21400000154972076,
            "hfc_flicker_amount": 0.8560000061988831,
            "initial_wisp_velocity": 1.9739999771118164,
            "live_color": false,
            "max_wisps": 20,
            "min_delay_frames": 1,
            "mirror": false,
            "random": true,
            "trigger": "energy_normalized",
            "trigger_threshold": 0.753000020980835,
            "type": "wisps",
            "velocity_decay": 0.052000001072883606,
            "velocity_threshold": 0.23100000619888306,
            "wisp_length": 8
        },
        {
            "brightness": 1.0,
            "color_blend": 0.9160000085830688,
            "color_fade_energy": 0.45500001311302185,
            "color_increase": 0.20100000500679016,
            "direction": true,
            "energy_velocity": true,
            "fade_blend": 0.21400000154972076,
            "hfc_flicker_amount": 0.8560000061988831,
            "initial_wisp_velocity": 1.9739999771118164,
            "live_color": false,
            "max_wisps": 20,
            "min_delay_frames": 1,
            "mirror": false,
            "random": true,
            "trigger": "energy_normalized",
            "trigger_threshold": 0.753000020980835,
            "type": "wisps",
            "velocity_decay": 0.052000001072883606,
            "velocity_threshold": 0.23100000619888306,
            "wisp_length": 8
        },
        {
            "brightness": 1.0,
            "color_blend": 0.9160000085830688,
            "color_fade_energy": 0.45500001311302185,
            "color_increase": 0.20100000500679016,
            "direction": true,
            "energy_velocity": true,
            "fade_blend": 0.21400000154972076,
            "hfc_flicker_amount": 0.8560000061988831,
            "initial_wisp_velocity": 1.9739999771118164,
            "live_color": false,
            "max_wisps": 20,
            "min_delay_frames": 1,
            "mirror": false,
            "random": true,
            "trigger": "energy_normalized",
            "trigger_threshold": 0.753000020980835,
            "type": "wisps",
            "velocity_decay": 0.052000001072883606,
            "velocity_threshold": 0.23100000619888306,
            "wisp_length": 8
        }
    ]
}