{
    "modules": {
        "filter_bank": {
            "filters": 100,
            "high_freq": 10000.0,
            "low_freq": 40.0,
            "power": 1.2999999523162842
        },
        "onset": {
            "method": "default",
            "min_interval": 41.0,
            "silence": -20.0,
            "threshold": -0.1679999977350235
        },
        "pitch": {
            "method": "default"
        },
        "tempo": {
            "beat_threshold": -15.0,
            "silence": -15.0,
            "skewness_threshold": 2.0,
            "threshold": 0.30000001192092896
        }
    },
    "sequencers": [{
        "brightness": 1.0,
        "color_blend": 0.9039999842643738,
        "color_increase": 0.004999999888241291,
        "direction": true,
        "fade_blend": 0.5929999947547913,
        "initial_wisp_velocity": 7.953000068664551,
        "live_color": false,
        "max_wisps": 31,
        "mirror": false,
        "random": true,
        "trigger_threshold": 0.33500000834465027,
        "type": "wisps",
        "velocity_decay": 0.03099999949336052,
        "velocity_threshold": 0.16899999976158142,
        "wisp_length": 2
    }, {
        "brightness": 1.0,
        "color_blend": 0.9039999842643738,
        "color_increase": 0.004999999888241291,
        "direction": true,
        "fade_blend": 0.5929999947547913,
        "initial_wisp_velocity": 7.953000068664551,
        "live_color": false,
        "max_wisps": 31,
        "mirror": false,
        "random": true,
        "trigger_threshold": 0.33500000834465027,
        "type": "wisps",
        "velocity_decay": 0.03099999949336052,
        "velocity_threshold": 0.16899999976158142,
        "wisp_length": 2
    }, {
        "brightness": 1.0,
        "color_blend": 0.9039999842643738,
        "color_increase": 0.004999999888241291,
        "direction": true,
        "fade_blend": 0.5929999947547913,
        "initial_wisp_velocity": 7.953000068664551,
        "live_color": false,
        "max_wisps": 31,
        "mirror": false,
        "random": true,
        "trigger_threshold": 0.33500000834465027,
        "type": "wisps",
        "velocity_decay": 0.03099999949336052,
        "velocity_threshold": 0.16899999976158142,
        "wisp_length": 2
    }, {
        "brightness": 1.0,
        "color_blend": 0.9039999842643738,
        "color_increase": 0.004999999888241291,
        "direction": true,
        "fade_blend": 0.5929999947547913,
        "initial_wisp_velocity": 7.953000068664551,
        "live_color": false,
        "max_wisps": 31,
        "mirror": false,
        "random": true,
        "trigger_threshold": 0.33500000834465027,
        "type": "wisps",
        "velocity_decay": 0.03099999949336052,
        "velocity_threshold": 0.16899999976158142,
        "wisp_length": 2
    }]
}
