{
    "sequencers": [
        {
            "brightness": 1.0,
            "color_blend": 0.2800000011920929,
            "color_fade_energy": 0.23399999737739563,
            "color_increase": 0.9449999928474426,
            "direction": true,
            "energy_velocity": false,
            "fade_blend": 0.35100001096725464,
            "hfc_flicker_amount": 0.9580000042915344,
            "initial_wisp_velocity": 6.270999908447266,
            "live_color": false,
            "max_wisps": 2,
            "min_delay_frames": 8,
            "mirror": false,
            "random": true,
            "trigger": "energy_normalized",
            "trigger_threshold": 0.8799999952316284,
            "type": "wisps",
            "velocity_decay": 0.04899999871850014,
            "velocity_threshold": 0.11100000143051147,
            "wisp_length": 20
        },
        {
            "brightness": 1.0,
            "color_blend": 0.2800000011920929,
            "color_fade_energy": 0.23399999737739563,
            "color_increase": 0.9449999928474426,
            "direction": true,
            "energy_velocity": false,
            "fade_blend": 0.35100001096725464,
            "hfc_flicker_amount": 0.9580000042915344,
            "initial_wisp_velocity": 6.270999908447266,
            "live_color": false,
            "max_wisps": 2,
            "min_delay_frames": 8,
            "mirror": false,
            "random": true,
            "trigger": "energy_normalized",
            "trigger_threshold": 0.8799999952316284,
            "type": "wisps",
            "velocity_decay": 0.04899999871850014,
            "velocity_threshold": 0.11100000143051147,
            "wisp_length": 20
        },
        {
            "brightness": 1.0,
            "color_blend": 0.2800000011920929,
            "color_fade_energy": 0.23399999737739563,
            "color_increase": 0.9449999928474426,
            "direction": true,
            "energy_velocity": false,
            "fade_blend": 0.35100001096725464,
            "hfc_flicker_amount": 0.9580000042915344,
            "initial_wisp_velocity": 6.270999908447266,
            "live_color": false,
            "max_wisps": 2,
            "min_delay_frames": 8,
            "mirror": false,
            "random": true,
            "trigger": "energy_normalized",
            "trigger_threshold": 0.8799999952316284,
            "type": "wisps",
            "velocity_decay": 0.04899999871850014,
            "velocity_threshold": 0.11100000143051147,
            "wisp_length": 20
        },
        {
            "brightness": 1.0,
            "color_blend": 0.2800000011920929,
            "color_fade_energy": 0.23399999737739563,
            "color_increase": 0.9449999928474426,
            "direction": true,
            "energy_velocity": false,
            "fade_blend": 0.35100001096725464,
            "hfc_flicker_amount": 0.9580000042915344,
            "initial_wisp_velocity": 6.270999908447266,
            "live_color": false,
            "max_wisps": 2,
            "min_delay_frames": 8,
            "mirror": false,
            "random": true,
            "trigger": "energy_normalized",
            "trigger_threshold": 0.8799999952316284,
            "type": "wisps",
            "velocity_decay": 0.04899999871850014,
            "velocity_threshold": 0.11100000143051147,
            "wisp_length": 20
        },
        {
            "brightness": 1.0,
            "color_blend": 0.2800000011920929,
            "color_fade_energy": 0.23399999737739563,
            "color_increase": 0.9449999928474426,
            "direction": true,
            "energy_velocity": false,
            "fade_blend": 0.35100001096725464,
            "hfc_flicker_amount": 0.9580000042915344,
            "initial_wisp_velocity": 6.270999908447266,
            "live_color": false,
            "max_wisps": 2,
            "min_delay_frames": 8,
            "mirror": false,
            "random": true,
            "trigger": "energy_normalized",
            "trigger_threshold": 0.8799999952316284,
            "type": "wisps",
            "velocity_decay": 0.04899999871850014,
            "velocity_threshold": 0.11100000143051147,
            "wisp_length": 20
        },
        {
            "brightness": 1.0,
            "color_blend": 0.2800000011920929,
            "color_fade_energy": 0.23399999737739563,
            "color_increase": 0.9449999928474426,
            "direction": true,
            "energy_velocity": false,
            "fade_blend": 0.35100001096725464,
            "hfc_flicker_amount": 0.9580000042915344,
            "initial_wisp_velocity": 6.270999908447266,
            "live_color": false,
            "max_wisps": 2,
            "min_delay_frames": 8,
            "mirror": false,
            "random": true,
            "trigger": "energy_normalized",
            "trigger_threshold": 0.8799999952316284,
            "type": "wisps",
            "velocity_decay": 0.04899999871850014,
            "velocity_threshold": 0.11100000143051147,
            "wisp_length": 20
        }
    ]
}